Material,Predicted log Conductivity
LiLaO2,-1.4784571168615883
LiGaH4,-3.819054317280024
LiCaFeF6,-3.886076582315571
LiVP2O7,-2.879443423826046
KLiCO3,-4.112343705774508
LiAs2H3O7,-3.609249566671496
K2LiCrF6,-2.667976440524027
LiCo2P4H3O14,-3.236337437489626
LiHoSe2,-3.2816480452064725
LiB(S2O7)2,-2.75524567547314
LiCr4(PO4)3,-4.707410929765156
LiAuF4,-3.901134781695655
LiSm6B3O14,-4.538055437402322
Rb2LiVS4,-2.0139202091366855
LiMo8(P2O11)4,-4.311907496364228
LiVMoO6,-2.8350268341520874
LiBH2OF4,-3.0563591459226456
LiV(PO3)3,-2.7083113993942485
SrLiAlF6,-4.417635758817814
LiNbO2,-2.5219617920517097
LiBeN,-2.5437418603356163
Cs2LiSbBr6,-2.9160499444728445
LiCo(PO3)3,-3.195947432656596
Na5LiMn2P2(CO7)2,-4.132821968344615
LiVSiO4,-2.681973170603154
LiNdGeO4,-3.4749892085229854
LiMo2(PO4)3,-4.0193660623206675
LiNi(PO3)3,-3.5091421601076194
LiGaBH3O5,-3.863770013128156
RbLiCrO4,-2.8088715584313175
LiPF6,-2.9997610169043716
NaLiGe4O9,-4.227571950497652
LiGe2(PO4)3,-3.3776354152301122
LiSc(SiO3)2,-2.6444272795399595
LiYS2,-2.4390148930320983
Ba5LiMo2N7Cl2,-4.23833812223321
LiCr4(PO4)3,-4.707410929765156
LiSn2(PO3)5,-2.9717919778697426
LiP3(WO6)2,-3.774823748704851
LiYF4,-1.476032657501929
Cs2LiVO4,-2.663893997492391
Sr4Li(BO3)3,-4.622507232190831
LiAu(S2O7)2,-3.463576461774076
Rb2LiCoF6,-3.1655818218417364
LiHo(WO4)2,-3.7605174228233613
LiMnP2O7,-3.9847292158823437
LiIn(IO3)4,-3.2570755948421364
LiFeAsO4,-4.081094861837837
LiTi2V3O12,-2.8314221224705025
LiUBO5,-3.367151826559303
LiH2BrO,-2.660574009865684
LiMg30GaO32,-3.3051836537560684
LiP2H8NO8,-3.4991218789219865
LiTaO3,-3.0365772714848998
LiZnAsO4,-3.863264135469886
LiNiPO4,-3.7783580857150367
LiScGeO4,-2.64632351857506
LiMg14FeO16,-3.0047565370242664
LiBF4,-4.3389374385532
KLiMoO4,-2.454657705689864
K2LiTmCl6,-2.3478398290323472
LiMnFeF6,-3.872447292949375
LiVP2O7,-2.879443423826046
LiInP2O7,-4.556231487919162
LiSmO2,-2.5144712902523962
LiErS2,-3.3033104067942225
LiTi2(PO4)3,-2.2779132221239236
Rb4LiZr3H2F19,-2.3967194950009985
LiVF4,-1.6057874964109322
LiCoPO4,-3.8020303432844953
Cs2LiLuCl6,-2.9808481879710493
KLiZnP2O7,-3.407774276270386
LiBeBO3,-5.247621991574867
Na2LiMnPCO7,-4.127440815435907
LiGa(H2N)4,-3.9992105510473532
LiAlS2,-3.7954790993816494
LiP(HO2)2,-2.4629524340542575
LiAlCl4,-4.361965422093513
LiSn2(PO4)3,-3.4054138263059874
LiGd(SO4)2,-3.1075695397709846
LiMg30WO32,-2.3070532791481675
KBaLiZnF6,-3.005558881163213
LiMo(PO3)4,-3.468363140682065
LiAuF6,-3.4344168852778516
LiFe2F6,-4.320690766884374
LiSn3Sb(PO4)6,-2.995771650241875
LiFePO4,-3.902845651222185
LiSmSe2,-3.1037235329058928
LiBS4(ClO3)4,-3.016412248421318
LiP3PbO9,-3.9046469637901255
LiBeH3,-2.0900799558535335
Na5LiFe2P2(CO7)2,-4.306551746375832
K2LiB(PO4)2,-3.6945076539338966
Rb4LiH3(SO4)4,-3.5017086812371447
LiFeP2O7,-3.692900264122724
LiMo(PO4)2,-3.8034431913859246
LiAsH2OF6,-3.406026380895889
LiNbO3,-2.4576314508454113
LiFePO4,-3.902845651222185
LiCaMgSiN3,-3.279038144626674
LiAlB2O5,-5.581981079561343
Ba4LiMo2N7,-4.177040062195378
LiVCoO4,-2.4708373784037385
Na5LiMn2P2(CO7)2,-4.132821968344615
LiNb3(Bi2O7)2,-3.311153990215442
LiEr2S2O8F3,-2.856565970272881
LiSn4(PO4)3,-4.122926086995012
LiNd6B3O14,-4.5272890723736365
LiMg30MnO32,-2.9333302173193854
LiAlGeO4,-4.171040103872736
Na2LiTi3Al(PO4)6,-3.4905991106362215
LiNd(WO4)2,-4.156764675496542
KLiSO4,-2.508936096439569
LiFePO4,-3.902845651222185
LiTa3O8,-3.375212923987566
Na3LiMg4(Si2O5)6,-4.092966632854485
KLiTi2(PO5)2,-0.7900973259863262
LiCr(SiO3)2,-4.504865912748693
LiAlSi3O8,-4.25188366569729
LiTi3MnCr(PO4)6,-1.6878206659205781
LiTiPCO7,-4.077804390224235
LiZr2(AsO4)3,-3.6729991762948777
LiNd(MoO4)2,-4.189652901797408
LiMo2P3O13,-3.9715945665166545
LiIn(CN2)2,-5.169596576224951
KLiNd2(MoO4)4,-4.243904283384713
Na2LiFePCO7,-4.274347308279453
LiMnNbO4,-3.0850594417077817
NaLiTiAl(PO4)3,-3.3963492589789057
LiBeH3,-2.0900799558535335
Na2LiMnPCO7,-4.127440815435907
LiErS2,-3.3033104067942225
LiNiSbO4,-3.5793492097344397
LiV3O8,-2.2881179334371318
LiGaAs2O7,-3.734480649474766
LiCaGaN2,-4.445643847740957
Rb2LiInCl6,-3.4045145709214903
LiThF5,-1.7230229645130897
CsLiSO4,-3.111486332672579
LiMg14CrO16,-2.8883659837651874
LiSiBiO4,-3.2413222087438904
LiGa(GeSe3)2,-4.0766392000776825
NaLiV2O6,-1.9298765203149517
LiLuO2,-2.34832093763417
K2LiYBr6,-2.6613268661951826
LiFeF3,-3.8079218048836485
LiV(CO3)2,-4.605026017908036
CsLiZnS2,-2.477708927179174
K2LiVS4,-2.2605638617135027
LiBP2Pb4O11,-3.4336389380933334
LiScO2,-1.9577967860343688
Rb5LiSi2NiO8,-3.5216071894736536
LiCoPO4,-3.8020303432844953
LiVTeO5,-3.1878025818341
LiMnPO4,-3.697979490591744
LiSn(SO4)2,-3.4126388873510316
K2LiAlH6,-3.315956019625994
Rb2LiGaF6,-3.9275254857765987
Sr2LiSiO4F,-2.969805607532729
LiGaCl3,-5.527899050995174
LiVF6,-2.7993219566095893
LiFePH2O5,-2.9984036886434193
LiClO4,-3.181270813469189
Ba2Li(BO2)5,-5.491428760461433
LiNbP4O13,-3.0948029781760726
Na2LiFe(Si2O5)3,-4.2547017074774
LiFe(CO3)2,-4.757968225139273
LiPr(SO4)2,-3.291210403746567
LiVF3,-1.810592606142511
LiCoPO4,-3.8020303432844953
LiSbF6,-3.0268210406292804
Cs2LiTlF6,-4.012299773497569
LiI,-1.8660364630898743
LiYO2,-1.3628884518378825
LiAlSiO4,-3.9993398502504593
LiU4As3O20,-2.9451206122182536
LiH6BrO7,-2.770314713163997
LiTaF6,-3.3411850116718926
LiFeBO3,-4.996693479209637
LiCaBO3,-4.068807813035439
Cs2LiInCl6,-3.235044791996093
Rb2LiCeI6,-2.9128474483339444
LiTbSe2,-3.168184879193307
Sr3LiTaO6,-2.616554183753455
Cs2LiBiCl6,-3.1243369474520075
LiMg30FeO32,-2.8768177838325633
LiCa9Co(PO4)7,-2.9861807732216157
NaLiV2O6,-1.9298765203149517
LiAs3H2O9,-3.992564926914392
KLiH2WO5,-2.8169079144620266
LiMnPO4,-3.697979490591744
Na2LiFePCO7,-4.274347308279453
LiMn2P3O10,-3.3731057879697692
KLiTe,-2.1336285916415942
LiFeBO3,-4.996693479209637
LiUPO6,-2.0357130065317297
K2LiFeF6,-2.8305461399915086
LiTbS2,-3.0099204376703614
LiCoPO4,-3.8020303432844953
LiCrP2O7,-3.9331363735254006
LiPrO2,-2.6290333377988953
LiCr(MoO4)2,-3.7115754025153302
K2LiBO3,-3.4657540631452366
LiErSe2,-3.234143616134188
LiFe(SiO3)2,-4.538858765662042
LiHS,-1.7860796718860243
LiVP2(HO4)2,-2.8758146312594906
LiV2P3O10,-2.0999957322014176
Cs2LiSmCl6,-3.0599884117051257
LiTaGeO5,-3.2987043194607195
LiCr(SO4)2,-3.356496147131795
LiVPO4,-1.140695138263011
LiNbNiO4,-3.819250029173876
KNa2LiZr2(Si2O5)6,-3.4458328863089056
LiZnPO4,-3.923099164364997
SrLiFeF6,-4.127569832280996
LiCaAlF6,-4.4381797894152655
LiMg4Al(MoO4)6,-5.033213482164225
Rb2LiYI6,-2.9461583638563185
LiCa2Mn2Si5HO15,-4.246918803239197
Cs3LiI4,-3.1368924123013064
LiFeF3,-3.8079218048836485
LiVFe(P2O7)2,-2.3407291107056256
LiHSeO3,-3.3464349662020076
LiAlSiO4,-3.9993398502504593
LiAl(SiO3)2,-4.124827328558294
LiCa9Mn(PO4)7,-3.054542716199415
Ba3LiTi5(SbO7)3,-2.5919169378986293
KLiSm2(MoO4)4,-4.288835550910766
Na2LiMnPCO7,-4.127440815435907
LiMnPO4,-3.697979490591744
K2LiInCl6,-3.2226067805177836
LiMg14CrO16,-2.8883659837651874
LiMoP2O7,-3.625604097006902
LiVP2O7,-2.879443423826046
LiMnF5,-3.8259738729532993
LiNi2P3O10,-3.338061969683734
LiVFeP2(HO5)2,-2.78753387737203
SrLiTi4CrO11,-2.1585224949333295
LiInSe2,-4.067860753749834
NaLiMgPO4F,-2.755571264962129
BaLiBS3,-3.578669485049413
LiMn(PO3)3,-3.9798173224456264
LiSiBO4,-4.515681593058066
KLiTm2(MoO4)4,-4.363335653801744
LiMnF3,-3.5514444029773338
LiZnPH2O5,-3.2638336160450994
LiUAsO6,-2.770182774098806
LiV(SiO3)2,-4.021756876376086
LiMgIn(MoO4)3,-4.530701561425125
LiGaS2,-5.256838278558204
Cs2LiCr3F12,-3.854176371071413
LiVSiO4,-2.681973170603154
LiTaSiO5,-4.770950904728291
LiMnF3,-3.5514444029773338
LiFeP2O7,-3.692900264122724
Cs2LiPrBr6,-3.4374137871206556
NaLiV2O6,-1.9298765203149517
LiBiO2,-3.032837483321499
LiAlSiO4,-3.9993398502504593
LiVO3,-1.8308536690009194
LiVFe(P2O7)2,-2.3407291107056256
LiCoPO4,-3.8020303432844953
LiCrSnO4,-4.102462865799626
LiB(HO2)2,-3.95265479191778
KLiSO4,-2.508936096439569
LiPO3,-3.547882765217463
BaLiBO3,-3.373840691261374
LiLa(MoO4)2,-2.4509114481431173
LiAs(HO2)2,-3.09769554544262
Na2LiMnPCO7,-4.127440815435907
LiY(TlCl3)2,-4.219579273129288
LiMgAl3(SO4)6,-2.539174540191103
LiMo(PO3)4,-3.468363140682065
LiZnPO4,-3.923099164364997
NaLiFePO4F,-3.313968659780045
KLiS,-2.8013617747525275
LiYSiO4,-2.326308655903399
LiBi(PO3)4,-3.050802681349289
LiMoAsO6,-4.465104696482381
LiMnAsO4,-3.8956196064649142
K5LiGe2O7,-3.1546138895814773
LiPr2C2N4F3,-5.357065372223005
LiFePO4,-3.902845651222185
Rb2LiScCl6,-1.966093143723936
Rb2LiTlF6,-3.572250514561853
Rb2LiNd(BO3)2,-3.140144944830558
LiVF6,-2.7993219566095893
LiErO2,-3.2392895296332194
LiZnP2HO7,-3.655031243172185
CsLiBeF4,-2.945571198945222
LiVFeP2(HO5)2,-2.78753387737203
K2LiLuCl6,-2.169308653624193
LiMoP2O7,-3.625604097006902
LiH4SNO4,-3.456441882594902
LiFePO4,-3.902845651222185
SrLiAlF6,-4.417635758817814
LiGe2N3,-3.329890647176473
Cs2LiPrCl6,-2.88294436295513
LiSn2(PO4)3,-3.4054138263059874
Cs2LiGdCl6,-2.604813384166072
LiMnFeF6,-3.872447292949375
Rb2LiDyBr6,-2.7563213282915173
Rb2LiYBr6,-3.010630404265127
LiCaPO4,-2.7086317703209812
LiBiF6,-2.791206030280041
LiVOF3,-1.5560684314989326
LiSiNO,-3.5115803561650574
LiNd6B3O13F2,-4.520637049948798
LiSi6Bi9O26,-3.2578627441251484
LiFe(GeO3)2,-4.265511863473006
K2LiIrF6,-3.1952261834699174
RbLi(H2N)2,-3.169835157502523
LiB5H2O9,-5.4197191234920625
LiV2O5,-2.602216574686602
LiAlSiO4,-3.9993398502504593
RbLiO,-2.965035471827004
LiB(SO4)2,-3.0545509854433024
LiTl2GaF6,-4.070083425595233
LiVSiO4,-2.681973170603154
LiH2ClO,-1.6372159831568271
LiH4SNO4,-3.456441882594902
Cs2LiNdCl6,-2.9619929403125913
Na5LiMn2O8,-3.3365695887956637
Cs4KLiGa2F12,-4.012235851034556
KLiWO4,-2.293108858979415
LiP7,-3.019150376385288
Na5LiMn2P2(CO7)2,-4.132821968344615
LiPN2,-2.483777961178486
LiI,-1.8660364630898743
LiV2FeO7,-2.781627161623272
LiCr2P3O10,-3.7612841642197874
BaLi(B3O5)3,-5.113447513178424
LiCdPO4,-3.611593185390001
LiCr(PO3)3,-3.9276490293885127
LiVF5,-1.4781569209719825
Cs2LiCo(CN)6,-4.695357476195232
LiFePO4,-3.902845651222185
LiVF4,-1.6057874964109322
LiMn(PO3)4,-3.1059735824407606
Rb2LiFeF6,-3.084823064365212
LiLaO2,-1.4784571168615883
Na2LiTi3Al(PO4)6,-3.4905991106362215
LiInSiO4,-4.073146015798406
LiCoHSO5,-3.864887255100452
LiFeSO4F,-3.6836262900527803
LiH2BrO5,-3.880837860687591
BaLiMg2AlSi3(O5F)2,-4.109780909132868
LiCo(PO3)3,-3.195947432656596
LiDy6B3O14,-5.378703939417106
K2LiYCl6,-1.5009069312643268
LiYS2,-2.4390148930320983
LiVAsO5,-3.483677990389364
LiNbSn3(PO4)6,-2.8697087735515185
LiVFe(P2O7)2,-2.3407291107056256
Cs2LiInCl6,-3.235044791996093
LiSc(GeO3)2,-3.876087064235554
Ba4LiGa5Se12,-4.0878571578813
LiBiF4,-2.9734160635949616
Sr3LiNbO6,-2.9903014764748233
LiCa4(BN2)3,-4.818412658669385
Sr3LiSbO6,-3.307925927526498
LiMnF4,-3.9707975134484927
LiAl(PO3)4,-2.9231279934431234
LiFeF4,-3.8302571637310336
NaLiFe2(SiO3)4,-4.59716835383759
LiI,-1.8660364630898743
LiSn2(PO4)3,-3.4054138263059874
LiF,-1.935384708627578
LiCaCrF6,-3.148486279461617
LiCoAsO4,-4.007570509778762
LiP4WO12,-2.6182681558446284
Sr2LiReN4,-4.041995205872662
CsLiMoO4,-3.3364499997925128
Na5LiMn2P2(CO7)2,-4.132821968344615
LiMgAl(MoO4)3,-4.940378739694034
LiCrP2O7,-3.9331363735254006
LiLuF4,-2.767839686909448
LiNbO3,-2.4576314508454113
LiGaGeO4,-4.405349562493639
KLiSe,-1.8290668213323116
K2LiAsF6,-3.2864727643947775
NaLiHo2F8,-3.2152603539121394
LiBi(WO4)2,-3.5668165612021747
LiEr6B3O14,-5.107849857194466
LiFePHO5,-3.461385790647952
NaLiSiB3HO8,-4.896021367270551
LiGaSe2,-4.139865350920889
LiZnPH2O5,-3.2638336160450994
LiVF6,-2.7993219566095893
LiVFe(P2O7)2,-2.3407291107056256
Cs2LiYF6,-2.2892126251190366
NaLiSe,-1.9914513194520662
LiTi2(PO4)3,-2.2779132221239236
LiFeF4,-3.8302571637310336
LiV2P5O16,-2.266125583495847
LiCrCdF6,-4.042351331695207
LiVF4,-1.6057874964109322
Na2LiGaF6,-4.3894086090163835
Na5LiMn2P2(CO7)2,-4.132821968344615
LiSbO3,-3.2125309273060014
LiCaH3,-2.2459476351786725
NaLiCdS2,-2.3595380935496846
KLiHo2(MoO4)4,-4.607364235526168
Na3LiTi2F12,-2.3384455150544743
KNa2LiTi2Fe2(SiO3)8,-3.279938948899243
LiAgF2,-3.1500351848386656
SrLiPrTeO6,-3.2283326703644852
LiMnVO4,-2.5798644224600746
RbLiB4O7,-5.621521672668463
LiNbWO6,-3.7180550009224866
LiLuO2,-2.34832093763417
LiV(OF)2,-1.7511151607782796
LiH6ClO7,-2.78969446950553
LiVF5,-1.4781569209719825
Cs2LiYCl6,-2.288920540652455
LiNiPO4,-3.7783580857150367
LiBO2,-4.987121769666963
NaLiTi3O7,-1.5157070002983504
LiZn2(BH4)5,-3.6077518726510123
LiSnCl3,-3.616890944768276
LiTmO2,-3.199325175737065
LiH2IO,-2.42800210600372
K4LiIO6,-2.8969649224468883
LiTbSe2,-3.168184879193307
LiFeHSO5,-3.4544443159558154
LiYF4,-1.476032657501929
LiMoP2O7,-3.625604097006902
KLiHoF5,-2.745548479604156
SrLiAlF6,-4.417635758817814
LiCoNiF6,-3.9646691557762517
LiVF6,-2.7993219566095893
Ba4Li(BN2)3,-4.1740183403551825
LiCaVF6,-2.2447897408590256
LiMgN,-2.332974139248363
Na3LiP2O7,-2.6528490277993937
LiTi2(PO4)3,-2.2779132221239236
LiNiF3,-4.055327491782494
LiV3(TeO6)2,-3.1738912804994612
Rb2LiMn3F12,-3.620701070689784
LiLa4NiO8,-2.090433576480837
LiMnPO4,-3.697979490591744
Rb6LiNd11Se12(Cl4O9)4,-3.6300187555676358
KLi(PO3)2,-3.046820806756306
Rb2LiTbCl6,-2.653023513285547
LiNbCoO4,-3.4913056478180833
LiCr4(PO4)3,-4.707410929765156
LiZr2(PO4)3,-2.1619901658612526
LiSnPO4,-3.9773815142947018
LiMg2H7Ru,-3.1588023187931364
LiBeH3,-2.0900799558535335
LiVP2O7,-2.879443423826046
LiFe(MoO4)2,-4.139381249199602
LiAl5O8,-4.603908366352694
LiFe(PO3)4,-2.905322928586248
LiCdPO4,-3.611593185390001
LiH3(SeO3)2,-3.7636629607474474
Rb2LiBiCl6,-2.791699290558877
LiP4WO12,-2.6182681558446284
LiUP(H4O5)2,-2.419539591720971
NaLiS,-2.629904788752688
LiTm(WO4)2,-3.6486555299077468
KLiB4O7,-5.544496464716214
LiU4P3O20,-2.2425506383227494
RbLiS,-3.4124003001406757
Na5LiMn2P2(CO7)2,-4.132821968344615
LiGaSiO4,-4.352285204119798
LiNi(PO3)3,-3.5091421601076194
LiIO3,-2.6196001831344398
Na5LiMn2P2(CO7)2,-4.132821968344615
LiScP2O7,-2.489825231925468
LiVFe(P2O7)2,-2.3407291107056256
Na2LiAlP2,-3.4995973815577184
LiNi3P3O11,-3.4178046351274394
LiH7(SO4)4,-3.0473708542575193
LiFeP2O7,-3.692900264122724
LiTi2(PO4)3,-2.2779132221239236
K2LiInF6,-3.8828028542946247
LiHF2,-1.5308741441695177
Rb2LiAsO4,-3.225574932033147
LiHS,-1.7860796718860243
LiNbTe2WO12,-3.6226103541027914
KLiLuF5,-1.9862832387793974
LiCoF4,-3.5314387199340547
LiIn(SiO3)2,-3.9782885942981965
LiDySe2,-3.103695922985593
LiFeF4,-3.8302571637310336
LiCr(SO4)2,-3.356496147131795
Na5LiFe2P2(CO7)2,-4.306551746375832
LiCr(PO3)4,-3.5721038799194105
LiSn2(PO4)3,-3.4054138263059874
Ba2LiIO6,-3.4327094592699687
LiCaGaF6,-4.456069645773743
Ba3LiTa3Ti5O21,-3.0052343735793867
LiDy(WO4)2,-3.7844981208555972
LiFePH2O5,-2.9984036886434193
LiCaAl3N4,-4.2333867156631335
CsLi(PO3)2,-3.1170833351126648
LiY3Si2(O4F)2,-2.6753967691932936
LiMgP,-3.4704248838338465
LiH2ClO5,-4.163112817367696
LiMoIO6,-3.8195102115796735
LiZnAsH2O5,-3.5835578449464425
LiPO3,-3.547882765217463
Rb2LiRhCl6,-2.572257376116423
LiLa2S2O8F3,-1.3539207713856432
LiInI4,-3.551767976378357
SrLiCrF6,-3.3527750973933292
LiFe3P3(HO6)2,-3.649376347935386
Rb2LiSmCl6,-3.1319544327531577
LiSb(PO3)4,-2.799503498353191
LiMnPO4,-3.697979490591744
K2LiErCl6,-2.3829553200287337
Cs2LiScF6,-2.2939109301124647
Rb2LiRhF6,-3.3489244752145266
LiVFe(P2O7)2,-2.3407291107056256
LiFe(SeO3)2,-3.9047541625241244
K2LiC3(SN)3,-4.006947103269889
LiSn2(PO4)3,-3.4054138263059874
LiMoP2O7,-3.625604097006902
SrLiTi4CrO11,-2.1585224949333295
LiFe(PO3)3,-3.213093093984238
Na5LiMn2P2(CO7)2,-4.132821968344615
Rb2LiAsF6,-3.4948435107167515
LiBH4,-3.2347967288512303
LiNdS2,-2.8146868553330733
LiVSiO4,-2.681973170603154
LiVF4,-1.6057874964109322
BaLiAlF6,-4.078020680099404
LiH4CN3,-3.424532195591997
LiNbO3,-2.4576314508454113
RbLiBi2(MoO4)4,-4.314010027416677
LiBr,-1.9091360381578937
LiV3P2(HO3)4,-0.9441921773787321
LiAl2H6ClO6,-3.4153936836169954
Cs2LiLaCl6,-2.2665876816600234
LiMgH6Ir,-2.520464604206031
LiSO3F,-3.29077630403156
Ba4LiNb3O12,-3.410768516021509
NaLiY2F8,-1.0055583971788333
Rb2LiTaS4,-2.3840435386192076
LiMgH14Cl3O7,-2.3218235024583476
LiTi2(PO4)3,-2.2779132221239236
Na5LiMn2P2(CO7)2,-4.132821968344615
NaLiTm2F8,-3.406988481324149
LiNbO3,-2.4576314508454113
LiVP2O7,-2.879443423826046
LiGa(MoO4)2,-5.152616079533086
LiNd(PO3)4,-3.059534227013765
LiErO2,-3.2392895296332194
LiBiP2O7,-2.7398810927049406
Na2LiAlH6,-2.981523617436136
LiHoS2,-3.03123115442492
LiCr(PO3)4,-3.5721038799194105
LiZn2(BH4)5,-3.6077518726510123
LiMnF3,-3.5514444029773338
Na2LiLa3Ti6O18,-1.1741954346783632
Rb2LiYCl6,-2.0704282286629008
K2LiRhF6,-3.0829926240411805
LiAlSiO4,-3.9993398502504593
Rb2LiHoCl6,-2.5663012236977494
LiMnPO4,-3.697979490591744
K2LiV5H10O19,-1.520169413144636
KLiTb2(MoO4)4,-4.048094759567999
LiAlO2,-3.943417622019909
Rb2LiYF6,-1.6139099432653536
RbLiZn2O3,-2.856206551400535
RbLiSO4,-2.779593068374395
LiSbO3,-3.2125309273060014
LiFeP2O7,-3.692900264122724
KLiSO4,-2.508936096439569
LiPPbO4,-3.5534851309194573
Rb2LiBiF6,-3.393616069594665
LiSb(PO3)4,-2.799503498353191
KLiO,-3.1316073984482506
Rb3LiZn2(MoO4)4,-4.221029986292045
LiAg2P3(HO5)2,-4.155866300857185
LiP5Pb2O15,-2.9768630288192646
Sr2LiIn(B2O5)2,-5.174545824645908
LiFe(PO3)4,-2.905322928586248
LiVOF3,-1.5560684314989326
LiCoPHO5,-3.4809796702345492
LiTeH5O6,-2.609479377143635
SrLiTi4CrO11,-2.1585224949333295
LiPH4NO3F,-3.400009501416509
LiNiPO4,-3.7783580857150367
LiCoAsO4,-4.007570509778762
LiMnPO4,-3.697979490591744
K2LiTa6(PO8)3,-2.842779704900418
LiSc(TlCl3)2,-4.226801741313264
K2LiMoF6,-2.719609072029873
LiAlSiH2O5,-3.82065459779528
LiSn2(PO4)3,-3.4054138263059874
LiFeBO3,-4.996693479209637
CsLi(B3O5)2,-5.865834691423997
LiHoO2,-3.1073286415780617
NaLiTi3O7,-1.5157070002983504
LiBi3(ClO2)2,-2.693837332434041
LiFe(PO3)3,-3.213093093984238
LiTi2(PO4)3,-2.2779132221239236
LiCaAlN2,-3.1955274197251136
LiMo(PO3)4,-3.468363140682065
LiVF3,-1.810592606142511
LiMg3P3O11,-3.1058928855600185
Rb2LiFe(MoO4)3,-4.26343645807093
LiGeBO4,-4.570568531474137
LiMnGaF6,-4.217770617133033
Na3LiMo2(H6O7)2,-2.4168234389546632
LiMg30CrO32,-2.9388841380453017
LiTi2(PO4)3,-2.2779132221239236
LiCrSiO4,-4.329039430525588
LiTiAsO5,-2.5481690155200596
LiNdS2,-2.8146868553330733
Na5LiFe2P2(CO7)2,-4.306551746375832
LiCuS,-3.2983262222452914
LiMnH2OF4,-2.389409503969243
Cs2LiTlCl6,-3.548196901567668
LiH2N,-2.7781706175932626
Rb2LiSbF6,-3.1444170921623193
LiVP2O7,-2.879443423826046
LiNbO3,-2.4576314508454113
LiGd6B3O14,-4.404517737072856
LiFeSiO4,-4.523818002580662
LiCr(PO3)3,-3.9276490293885127
LiSiBiO4,-3.2413222087438904
LiBeH3,-2.0900799558535335
LiFe(Se2O5)2,-2.668481994723004
LiCoPO4,-3.8020303432844953
LiMnBO3,-5.078608787376993
Rb2LiTlCl6,-3.313259797676328
LiVF6,-2.7993219566095893
Ba2LiAl(CN2)4,-5.10639201893518
Na2LiNF6,-3.5118956609624417
RbLiMg(BH4)4,-3.4991830411147244
LiFeF4,-3.8302571637310336
LiV(PO3)4,-2.449321578811674
LiAsF6,-3.195552795902603
LiAlH4,-3.446255206633572
LiCaBO3,-4.068807813035439
KLiBeF4,-1.9523748916135002
LiTb(WO4)2,-3.8113843739012325
LiVFe(P2O7)2,-2.3407291107056256
LiZr2(AsO4)3,-3.6729991762948777
NaLiSO4,-3.222836337969557
LiVF5,-1.4781569209719825
LiGaI3,-4.218977113260869
Na3LiTi2Si4(HO4)4,-3.203330004351556
Rb4LiH3(SO4)4,-3.5017086812371447
LiNb(TeO4)3,-3.236870783632176
Cs2LiBr3,-3.1289711512847043
LiPWO5,-3.7651365064587345
K2LiAlH6,-3.315956019625994
LiV(PO3)4,-2.449321578811674
Cs2LiBiF6,-3.665028584901787
LiSbO2,-2.754616459369022
K3Na2LiTeO6,-2.9838566531751347
LiFeO2,-3.5667748498876812
LiCoPO4,-3.8020303432844953
LiVFeP2(O4F)2,-2.677812545271849
LiCo2P3O10,-3.2481877612068084
KLiYF5,-1.0116733027443516
LiMg10AlH24,-3.019532355361691
LiFeF4,-3.8302571637310336
LiCd2HSe2O7,-3.2141310921713315
LiV(IO4)2,-3.3742452560424057
Na2LiFePCO7,-4.274347308279453
Cs2LiPrF6,-3.212648587887907
LiMg6FeO8,-3.0413272756991527
LiAl2H6BrO6,-3.599756096755934
K3LiMg4(Si2O5)6,-3.994927569822594
SrLiBO3,-3.6572636532518583
LiFeMoClO4,-3.6696122512933336
LiFePO4,-3.902845651222185
LiZr2(PO4)3,-2.1619901658612526
LiAlSi2H2O7,-3.948966479733051
LiTiCrO4,-2.474018529372239
LiMnPO4,-3.697979490591744
LiZnPO4,-3.923099164364997
LiAl(SiO3)2,-4.124827328558294
LiMnNbO4,-3.0850594417077817
LiInO2,-4.318577206557362
Cs2LiMoF6,-3.37757229026323
LiCr(CO3)2,-4.847266188300425
LiMo2P2O9,-4.05932021323253
K2LiScF6,-1.7447861075151416
LiCrPO4,-3.652830891515626
LiBH4,-3.2347967288512303
LiFeF4,-3.8302571637310336
Cs2LiI3,-3.2597637037994143
K2LiNbO4,-2.7611449083485593
LiY(CN2)2,-3.1770859629506294
LiY(BH4)4,-3.0839910363253384
SrLi(BS2)3,-5.088260808775322
BaLi(BS2)3,-4.739628568825395
Sr3LiBiO6,-3.31162010882385
LiDy(PO3)4,-3.311564171776913
LiFe2P2HO8,-3.817154783800347
Rb2LiInF6,-3.61953809669565
LiB2H3O5,-4.021442402984434
NaLiZnS2,-2.755285618485198
Rb2LiScF6,-1.5722501903589883
CsLiI2,-3.0030156747808046
LiAgF2,-3.1500351848386656
LiTl2InF6,-4.127555407177502
LiVP2O7,-2.879443423826046
CsLiCl2,-2.8238791715005163
LiLaTiO4,-1.0353412502009836
LiDyS2,-3.1444816566075113
LiVPO4,-1.140695138263011
LiNd2Tl(MoO4)4,-4.4314545778010705
LiLa(CN2)2,-3.097025810634424
LiMg30CoO32,-2.9475643607576347
LiNd(MoO4)2,-4.189652901797408
NaLiBeF4,-2.260398685280657
Ba4LiTa3O12,-3.8263893330598124
K4LiH3(SO4)4,-2.900953488577001
Na5LiFe6(SiO3)12,-4.581138243060277
LiZnPO4,-3.923099164364997
LiSnPO4,-3.9773815142947018
Rb2LiErCl6,-2.5488770063127277
LiFeF4,-3.8302571637310336
LiP4WO12,-2.6182681558446284
LiFe2O3,-3.9691313765045875
Cs2LiVS4,-2.8117008854529533
LiCrPO4,-3.652830891515626
LiMgPO4,-3.424422380887216
Na2LiMnPCO7,-4.127440815435907
KLiGdF5,-1.1999898728941283
LiZnInF6,-4.277798189536086
Li(BH)6,-4.087302855650182
LiScSiO4,-2.374623939308473
LiH6NO6,-3.4954698511006193
BaLiZr2F11,-1.2996329673221445
LiMnP4(H2O7)2,-3.0133635337955327
LiAs(XeF4)3,-3.060343058468612
LiSn3Sb(PO4)6,-2.995771650241875
LiSn2(PO4)3,-3.4054138263059874
Cs2LiErCl6,-3.128540185721918
LiFe(PO3)4,-2.905322928586248
SrLiTa2O6F,-3.260495116496117
LiZnRhF6,-4.108106224417812
LiB13C2,-4.1372712039429524
LiDyS2,-3.1444816566075113
Na2LiMnPCO7,-4.127440815435907
K2LiAlF6,-4.006366660724854
LiGd(WO4)2,-4.065031259951884
LiBH4,-3.2347967288512303
LiVF6,-2.7993219566095893
LiV(SO4)2,-2.71126374949392
LiAlPHO5,-3.761462278871965
RbLiSe,-2.145620566301541
LiZn(BH4)3,-3.6498464704684146
LiNi4(PO4)3,-3.6815221533658056
K2LiFeO3,-2.668489274084726
Cs2LiNbS4,-3.1717252145872457
LiCeF5,-1.7583775835558897
Na5Li(PO4)2,-2.7495445673765286
Na5LiFe2P2(CO7)2,-4.306551746375832
Rb2LiGdCl6,-2.5836179424209313
RbLiF2,-2.712050869557744
Sr2LiCBr3N2,-3.5180875333849313
LiIn(MoO4)2,-4.609773236987646
LiCr(SiO3)2,-4.504865912748693
LiNdSe2,-2.9997382795306553
LiNd2HO3,-2.607066184478872
LiFe(SO4)2,-3.2125456646496717
LiTaGeO5,-3.2987043194607195
LiAlGeO4,-4.171040103872736
LiHo6B3O14,-5.248867827228972
LiFeBO3,-4.996693479209637
LiTmO2,-3.199325175737065
LiInGeO4,-4.08954107725859
LiNb(OF)2,-2.6781435269881153
Rb2LiPr2(WO4)4,-4.613226612471674
LiMgCr3(SO4)6,-3.2844469507497025
Cs2LiScCl6,-2.5105116057897536
LiAl(PS3)2,-3.1548731286466998
CsBaLiP2O7,-3.8430630065666413
LiCdFeF6,-4.199920931422641
Na5LiMn2P2(CO7)2,-4.132821968344615
LiHoSe2,-3.2816480452064725
Cs2LiDyCl6,-3.0273944982952017
Ba9LiSi10C(ClO4)7,-4.449880146901957
LiVP2(HO4)2,-2.8758146312594906
Na5LiFe2P2(CO7)2,-4.306551746375832
LiPH2O3,-2.5547575610805966
LiBO2,-4.987121769666963
LiMnVO4,-2.5798644224600746
LiMgAl3(SO4)6,-2.539174540191103
LiTbO2,-2.8583109363834702
LiMo4P7O24,-4.0471919906857385
LiFe(GeO3)2,-4.265511863473006
LiLa2HO3,-1.0152161140053788
LiMg30GaO32,-3.3051836537560684
LiIO3,-2.6196001831344398
LiAlPO4F,-3.8523369464105555
LiGa5O8,-4.774558989460419
LiSc(SiO3)2,-2.6444272795399595
LiP4WO12,-2.6182681558446284
LiTi2(PO4)3,-2.2779132221239236
Rb2LiVO4,-2.2728969056178308
CsLi(B3O5)2,-5.865834691423997
LiCrPO4F,-3.7219585631842347
LiDyO2,-2.8591949118374966
LiNdTi2O6,-1.3772719903373265
LiGdO2,-1.8540064334905413
LiIn(WO4)2,-2.946417727575476
Cs2LiTmCl6,-3.141158985244664
LiMoP2O7,-3.625604097006902
LiY(BH4)4,-3.0839910363253384
LiNi2P4H3O14,-3.3409284793511977
LiB3O5,-5.302548152358307
LiCaPrTeO6,-3.3390867135329696
LiSbP2O7,-3.1814092973081536
LiMn6P7O24,-3.800942241907769
KLi(BH4)2,-3.494188199303263
Cs2LiPrI6,-2.702903854542202
K7LiSi8,-3.556454994106183
Cs2LiLaBr6,-3.3657433034014708
LiTm6B3O14,-4.801084305177904
NaLiMo(H2O3)2,-2.6515136717049916
LiMo2P3O11,-4.143086811893673
Rb2LiNbS4,-2.5514996370746377
LiMnPO4,-3.697979490591744
LiCdBO3,-4.491057827232213
Na2LiAlH6,-2.981523617436136
LiMgH3,-2.3466133793873403
SrLiGaN2,-4.025335446523606
LiSi2N3,-3.919120908993855
LiMnF4,-3.9707975134484927
LiCoPO4,-3.8020303432844953
LiTiPO5,-1.5461795279722648
LiFe2F7,-3.980036370223501
K2Li(H2N)3,-2.7165466676175933
Ba3LiTi5Nb3O21,-2.0697129295680186
Na3LiWO5,-2.754218625948602
LiFePO4,-3.902845651222185
LiVNiO4,-2.5818256223341387
LiWF6,-3.830677480593325
LiLa(WO4)2,-4.0681844264213165
LiCoPO4,-3.8020303432844953
Cs3LiF4,-3.0647465747133285
LiFeF4,-3.8302571637310336
LiY9(Si3O13)2,-2.6323308439039357
LiMgAl3(SeO4)6,-3.7649228186969834
LiNi(PO3)3,-3.5091421601076194
LiCa2Nb3O10,-3.2696475532452776
LiVF5,-1.4781569209719825
LiDyO2,-2.8591949118374966
SrLiGaF6,-4.276936205354029
LiTi3Nb(PO4)6,-2.493008184201208
LiFeSnO4,-3.972086652069615
LiGaI4,-3.3291456901924508
LiNbSn3(PO4)6,-2.8697087735515185
CsLi(H2N)2,-3.44047124834644
LiVFeO4,-2.2921147413275396
LiVFe(P2O7)2,-2.3407291107056256
SrLiLa3MnO8,-1.8344596294525133
LiNd(PN2)4,-3.5869013884927368
Cs2LiYBr6,-3.222646199682635
Na2LiBe2F7,-2.211299113001813
LiCo2P3O10,-3.2481877612068084
RbLiMnP3HO10,-3.199822110299027
LiUAsO6,-2.770182774098806
LiMg4H13Os2,-3.3165568777985928
LiNi(PO3)3,-3.5091421601076194
LiP(HO)2,-2.4468470257662727
LiGaBr3,-4.127874064926752
LiBr,-1.9091360381578937
K2LiDyCl6,-2.2295825938374736
LiMg14FeO16,-3.0047565370242664
LiFe(SO4)2,-3.2125456646496717
LiSbF4,-3.5933722503460133
LiTaF6,-3.3411850116718926
LiNbO3,-2.4576314508454113
Na2Li(H2N)3,-2.9362509259185794
LiMg4V3O12,-1.8580297578477518
LiFe(SO4)2,-3.2125456646496717
NaLiCO3,-4.429727368401625
KLi(PO3)2,-3.046820806756306
LiMg2H7Os,-3.609579213083472
LiEr(WO4)2,-3.6553817616582767
LiHSO4,-3.0692232047586376
LiTiPO5,-1.5461795279722648
Cs2LiV3F12,-2.241010035818915
LiCr(WO4)2,-3.239273938508866
Na2LiFePCO7,-4.274347308279453
LiSi2BO6,-4.435127668008954
LiMnPO4,-3.697979490591744
LiPaO3,-1.4382557044245814
LiGd(PO3)4,-2.690924860362732
LiTi2(PO4)3,-2.2779132221239236
LiV4P7O24,-2.3936687674560084
LiGa(SeO3)2,-3.789621167260363
LiFeP2O7,-3.692900264122724
KLiCrO4,-2.64459403173911
LiCrP2O7,-3.9331363735254006
LiInF4,-4.273095363567579
LiAuF4,-3.901134781695655
LiMg30CoO32,-2.9475643607576347
LiMg14AlO16,-3.4204179778467543
LiCo(PO3)3,-3.195947432656596
LiSb(PO3)4,-2.799503498353191
NaLiTi3O7,-1.5157070002983504
LiHS,-1.7860796718860243
LiSm(MoO4)2,-4.205339474423271
LiIn(MoO4)2,-4.609773236987646
LiP2WO7,-3.5354851289669886
LiP5WO15,-2.5513991381527474
LiVOF2,-1.6337677098983423
LiGa(PO3)4,-3.551724956359717
LiFePO4F,-3.782013977594553
Sr2LiReO6,-3.1355785158953897
LiV(PO3)4,-2.449321578811674
LiH6IO7,-2.7779942541861775
LiTcH6O7,-2.438382576045476
K3LiSiO4,-4.009699890729763
LiZnSO4F,-3.4877783298917073
LiGaTe2,-4.373563323114578
LiCuS,-3.2983262222452914
K2LiGaF6,-4.167872193523877
LiNdO2,-2.687742834135657
Cs2LiBiBr6,-2.890790035663511
Sr2LiB10H3O19,-5.8160851379345075
LiSm(WO4)2,-4.090181553647216
LiMnF4,-3.9707975134484927
LiErSe2,-3.234143616134188
Rb2LiMoCl6,-2.448653413201712
LiNbZnO4,-4.011686719853742
Na9LiFe10(SiO3)20,-4.605399924569414
LiGaH4,-3.819054317280024
LiFe(PO3)4,-2.905322928586248
SrLiVF6,-2.627902591384425
LiNi(PO3)3,-3.5091421601076194
LiBeH3,-2.0900799558535335
LiVF4,-1.6057874964109322
Na2LiAlP2H2O9,-3.8014340805742215
LiTmSiO4,-4.3030114512171735
LiNbF6,-3.55552795988387
LiMg30AlO32,-3.188692310112515
LiNb3O8,-2.9646424118968935
LiMgAsO4,-3.5018713997805953
LiBi3(BrO2)2,-3.047984021503224
Sr2LiReO6,-3.1355785158953897
LiV(SiO3)2,-4.021756876376086
NaLiTe,-1.927112350077522
K4LiH3(SO4)4,-2.900953488577001
BaLi(B3O5)3,-5.113447513178424
KNa2LiTi2MnFe(SiO3)8,-3.2451311327974426
LiEr(PO3)4,-3.183291650813432
LiZnCr3(SO4)6,-3.455481791037652
LiHO,-1.4214560247058707
LiB13C2,-4.1372712039429524
LiBiP2O7,-2.7398810927049406
LiTiCrO4,-2.474018529372239
LiFeSiO4,-4.523818002580662
LiBiO2,-3.032837483321499
LiH3CN2O,-2.923264738152278
LiCrPO4,-3.652830891515626
LiTaGeO5,-3.2987043194607195
LiNbZnO4,-4.011686719853742
LiLa(PO3)4,-1.9742614524603042
LiMnF3,-3.5514444029773338
Na5LiFe2P2(CO7)2,-4.306551746375832
LiTi2(PO4)3,-2.2779132221239236
LiCl,-1.665657862293061
SrLiY2(BO3)3,-3.6677299070976237
Na2LiY(Si2O5)3,-3.3872215978384195
LiCdBO3,-4.491057827232213
LiMgSO4F,-3.3298865149030075
LiFeF4,-3.8302571637310336
LiV(PO3)4,-2.449321578811674
LiVP2O7,-2.879443423826046
LiFePO4,-3.902845651222185
LiHo(PO3)4,-3.3576270416400114
LiRe(OF2)2,-4.149946885663952
LiMgAlH6,-2.7978164395130767
Na2LiV5H18O23,-2.1064311115483445
LiN3,-2.41067752845454
KLiDyF5,-2.691551899836756
LiH2N,-2.7781706175932626
LiFeSiO4,-4.523818002580662
Na5LiNi2P2(CO7)2,-4.380459298364789
LiCrPO4,-3.652830891515626
LiMnF4,-3.9707975134484927
LiMnVO4,-2.5798644224600746
LiFePO4,-3.902845651222185
Na2LiAlF6,-3.3802166772866786
LiMo6Cl13,-3.056036381168436
LiAlAs2O7,-4.1837940114387155
LiV(OF)2,-1.7511151607782796
LiFeP2HO7,-3.9381842493974615
LiMn(PO3)3,-3.9798173224456264
LiNb(TeO4)3,-3.236870783632176
LiV(SiO3)2,-4.021756876376086
LiCa3Si2N5,-3.7127474778651464
LiCuS,-3.2983262222452914
LiCoPO4,-3.8020303432844953
K3LiMn4(MoO4)6,-2.487147399788136
LiY6B3O14,-3.230834070271505
LiYF4,-1.476032657501929
LiY(PO3)4,-2.0428168847674177
LiAuS,-2.699413210189527
LiNbGeO5,-4.89362445206935
Sr2LiBeB3O8,-5.073733560615063
NaLiSi2H4O7,-3.3633503024308373
K2LiAlF6,-4.006366660724854
LiFeSiO4,-4.523818002580662
LiMn3H6(SeO3)8,-4.0441131446097245
Cs2LiInBr6,-3.5584280589337958
LiCr(SO4)2,-3.356496147131795
LiNdTiO4,-1.219022869112762
LiV(SiO3)2,-4.021756876376086
LiVF6,-2.7993219566095893
Rb4LiH3(SO4)4,-3.5017086812371447
CsLiBr2,-3.2144264717061812
LiV2F7,-1.7100253640855565
KLiTmF5,-3.016576228165022
LiVPHO5,-2.1779082551265265
LiSb(SO4)2,-3.111494080039331
LiCd4Ge5HO15,-3.9180359982134085
LiNiRhF6,-4.611554423730496
LiVF5,-1.4781569209719825
LiFePO4,-3.902845651222185
LiLaSO,-1.3715026113752242
LiCrCO4,-5.217446120709429
NaLiLu2F8,-2.253406842082706
LiS4,-3.384889527157453
LiB(H8O5)2,-2.155944251399836
LiLu(WO4)2,-3.578772415564327
LiMnPH2O5,-2.905056972383389
LiSm(WO4)2,-4.090181553647216
Na3LiBe2F8,-2.2650426823155687
Ba4LiW2N7,-3.8326085362546785
Ba2LiReO6,-3.264426918587537
KLiTbF5,-2.697605524782651
Na2LiMnPCO7,-4.127440815435907
LiPO3,-3.547882765217463
LiTl2InCl6,-4.146723274411803
Cs2LiGaF6,-4.0145138444557205
LiP4WO12,-2.6182681558446284
Na3LiY3P3CO15F2,-2.737552258892874
LiMnBO3,-5.078608787376993
LiAlSe2,-4.2637735950449125
LiFeP2O7,-3.692900264122724
LiNiSO4F,-3.5895673959300813
NaLiCO3,-4.429727368401625
LiB3H8,-3.310609478877223
LiAsH6(OF2)3,-2.346356047339013
Na5LiCo2P2(CO7)2,-4.36339409416985
K3LiTi7O16,-1.148781711928047
LiZr3H18N4F19,-1.6472666375036678
LiMnPO4,-3.697979490591744
Cs2LiAsO4,-3.8984627629453743
LiMgCr3(SO4)6,-3.2844469507497025
LiScAs2O7,-3.927349034349467
LiMg30AlO32,-3.188692310112515
LiV(PO3)3,-2.7083113993942485
Cs2LiNd(BO3)2,-3.453342615507591
LiMo3P3O16,-4.387906836505091
LiTi3Sb(PO4)6,-2.2741829360323895
LiV(WO4)2,-3.366019146695061
LiV(SO4)2,-2.71126374949392
RbLiZnS2,-2.100234716967723
Li(BH)6,-4.087302855650182
LiVOF4,-1.6131847426257861
LiGeRhO4,-4.601509619433452
LiMnF4,-3.9707975134484927
LiBeH3,-2.0900799558535335
LiP4WO13,-2.6182681558446284
LiFeF4,-3.8302571637310336
LiLa2MoO6,-2.3171749460281275
LiVO3,-1.8308536690009194
LiBi3(BrO2)2,-3.047984021503224
KLiSi2O5,-3.74658001630385
Rb2LiMoF6,-2.8935363177119187
LiTi2(PO4)3,-2.2779132221239236
LiAl(MoO4)2,-4.981092307855402
LiHo3Ge2(O4F)2,-3.732084815021026
LiSiBiO4,-3.2413222087438904
LiAlH4,-3.446255206633572
Rb6LiPr11Se12(Cl4O9)4,-3.6564288767616095
LiAl(CN2)2,-4.488150587805945
Cs2LiCrF6,-3.269854145555778
LiY(WO4)2,-3.9719535675167124
LiZr2(PO4)3,-2.1619901658612526
KLiZn3O4,-3.7406128154936797
LiVOF3,-1.5560684314989326
LiVF5,-1.4781569209719825
KLiMn2(SiO3)4,-3.99862519377009
K2LiAlF6,-4.006366660724854
LiMnP2O7,-3.9847292158823437
LiMn4(PO4)3,-3.7854094165359955
LiSc(WO4)2,-3.7292619277392642
LiW3O9F,-3.3029650428809805
LiNiAsO4,-3.8911785352418016
LiSn2(PO4)3,-3.4054138263059874
Na5LiMn2P2(CO7)2,-4.132821968344615
LiH2CN5,-3.0971203471690556
NaLiCO3,-4.429727368401625
LiFe(GeO3)2,-4.265511863473006
Rb2LiLuCl6,-2.3992938701488997
Cs2LiTbCl6,-2.862876920650139
LiNi(PO3)3,-3.5091421601076194
LiMg30CrO32,-2.9388841380453017
KLiSO4,-2.508936096439569
LiVCdF6,-3.6053783562962396
LiV3O8,-2.2881179334371318
SrLiPrTeO6,-3.2283326703644852
K2LiSbBr6,-2.31056726613577
LiHS,-1.7860796718860243
KLiEr2(MoO4)4,-4.640034363746931
LiInO2,-4.318577206557362
NaLiZr(Si2O5)3,-3.4406338888927688
Cs2LiYI6,-3.243370333106421
LiCr3O8,-3.3037614266182147
Rb2LiGaF6,-3.9275254857765987
LiP4WO13,-2.6182681558446284
LiBi3(ClO2)2,-2.693837332434041
LiCr3Ni(SO4)6,-3.1446990418659073
LiMgCr3Se2(SO6)4,-3.291692748646066
LiVO2,-1.6466331354950765
CsLi(B3O5)2,-5.865834691423997
Na3LiFe4(SiO3)8,-4.582282164677029
LiVP4(H2O7)2,-2.7114317736729205
LiBH4,-3.2347967288512303
LiV(PO3)3,-2.7083113993942485
Ba4LiNb3O12,-3.410768516021509
K2LiIn(MoO4)3,-3.978738794316307
Na5LiFe2P2(CO7)2,-4.306551746375832
LiLa2SbO6,-2.1393520406654845
LiTi2V3O12,-2.8314221224705025
LiCrP2O7,-3.9331363735254006
LiGe2(PO4)3,-3.3776354152301122
LiMn(PO3)4,-3.1059735824407606
RbLiMoO4,-2.675644847426009
LiVP2O7,-2.879443423826046
LiGdS2,-2.4680065769840147
LiC,-4.166591216367676
K2LiBiCl6,-2.3071787203297864
KBaLiZnF6,-3.005558881163213
LiTb6B3O14,-5.257812963115296
Na2LiFePCO7,-4.274347308279453
LiGaCl4,-4.490507345930599
LiCr(GeO3)2,-4.522521045485494
LiMnO2,-2.3781244969272057
LiVF4,-1.6057874964109322
Sr4Li(BN2)3,-4.621267663937791
LiHF2,-1.5308741441695177
KLiZnP2O7,-3.407774276270386
LiHO,-1.4214560247058707
K3LiSi4,-3.335323625550085
LiAlH4,-3.446255206633572
LiNbO3,-2.4576314508454113
LiRhO2,-3.7839626793116308
LiMnVF6,-2.4984484088470955
Cs2LiInF6,-3.945524242303928
LiVFeO4,-2.2921147413275396
KLiDy2(MoO4)4,-4.620732500448648
LiSm(PO3)4,-3.0413523419190303
Ba3LiTi5Nb3O21,-2.0697129295680186
LiPH4CO3,-2.9917718314121853
LiTl3(MoO4)2,-4.081463948837475
NaLi(AsS2)2,-2.2815083972579497
BaLi(B3O5)3,-5.113447513178424
LiAlSiO4,-3.9993398502504593
LiMo2P3O13,-3.9715945665166545
Na2LiMnPCO7,-4.127440815435907
Cs2LiAlF6,-3.682547246581392
CsLiF2,-2.966699816471044
LiSn2(PO4)3,-3.4054138263059874
Ba2LiReN4,-4.045833749653786
LiMg30WO32,-2.3070532791481675
LiBiP2O7,-2.7398810927049406
LiH4SNO4,-3.456441882594902
LiFe(SiO3)2,-4.538858765662042
LiSb(PO3)4,-2.799503498353191
Cs2LiAl3F12,-4.341355449022599
Na5LiNi2P2(CO7)2,-4.380459298364789
Na4LiNb5O15,-2.7667783139867184
LiVZnO4,-2.5889950154425483
LiMo2AsO9,-4.640427987257583
LiBi3(IO2)2,-2.8908813775618536
Na5Li(Mo3O10)3,-4.281776750520091
Cs2LiIr(CN)6,-4.394855141051789
LiFePO4,-3.902845651222185
LiCrP2O7,-3.9331363735254006
LiV(GeO3)2,-4.061393917547218
LiNbWO6,-3.7180550009224866
LiFe3(OF3)2,-4.3329528839865805
LiCrPO4,-3.652830891515626
Na5LiFe2P2(CO7)2,-4.306551746375832
LiFeSnO4,-3.972086652069615
Rb2LiDyCl6,-2.5757586769104375
LiCoAsO4,-4.007570509778762
KLiMoO4,-2.454657705689864
LiFe(SO4)2,-3.2125456646496717
LiB12PC,-3.9779093649514623
LiCr2P5O16,-3.441806399817856
LiSn(PO3)3,-3.7099965187138015
LiNbO3,-2.4576314508454113
SrLiAl3N4,-4.345736126380615
K2LiNb6(PO8)3,-2.282312173699908
LiMnPO4,-3.697979490591744
LiSiBiO4,-3.2413222087438904
LiVPO4,-1.140695138263011
RbLiBr2,-2.620089496877038
LiF,-1.935384708627578
KLiYF5,-1.0116733027443516
LiUNbO6,-2.307613754627492
NaLiEr2F8,-3.3629186526953863
LiVP2O7,-2.879443423826046
LiSnCl3,-3.616890944768276
LiFeP2O7,-3.692900264122724
LiFe(SiO3)2,-4.538858765662042
LiP3(WO6)2,-3.774823748704851
LiMnP2HO7,-3.8145346174255823
LiCrPO4,-3.652830891515626
LiNbFeO4,-3.2209801513135288
LiH3O2,-2.878720680294108
LiFe(Si2O5)2,-4.104960468465622
Na3LiV4O12,-2.1489643944807733
LiGaBr4,-3.386830954942324
LiVPO4,-1.140695138263011
LiH2IO,-2.42800210600372
LiMn2F9,-3.670648087429095
LiMn(PO3)3,-3.9798173224456264
LiMnF3,-3.5514444029773338
LiNiPO4,-3.7783580857150367
K3LiP2O7,-2.5198438197102595
Cs2LiNF6,-3.298863042401015
K2LiNb6(PO8)3,-2.282312173699908
Cs2LiCl3,-2.9217374383587327
LiCa3Zr3TaO12,-2.3809162403364947
LiB3P(HO3)3,-4.28389087158895
LiFe(SiO3)2,-4.538858765662042
LiV(OF)2,-1.7511151607782796
LiGa5O8,-4.774558989460419
LiAl(Si2O5)2,-4.027801131801793
LiZr2(PO4)3,-2.1619901658612526
CsLiWO4,-2.9007017193448466
LiGa(WO4)2,-3.1016275581404082
NaLiNiPO4F,-3.4224073853245205
LiFeMoClO4,-3.6696122512933336
LiPr(WO4)2,-4.137807990819662
KLiGd2(MoO4)4,-2.6026484741413394
RbLiMn(BH4)4,-3.6656946071830796
LiB6O9F,-4.929830926639831
LiVFeP2(HO5)2,-2.78753387737203
LiFePO4,-3.902845651222185
LiTiSn(PO4)3,-2.9071265839692497
LiTiMnO4,-2.6832380780132294
LiVF5,-1.4781569209719825
RbLiNd2(MoO4)4,-4.178570161164403
LiLa(CO3)2,-3.8945393463790263
Na2LiB5(PO7)2,-4.4284295474043365
LiFe3SiPO8,-4.55770926475453
LiMg14GaO16,-3.420265455791742
LiAsO3,-3.676204911540263
LiAlSiO4,-3.9993398502504593
LiAl(Si2O5)2,-4.027801131801793
LiMg30FeO32,-2.8768177838325633
LiMnSO4F,-3.663625101756644
LiMnBO3,-5.078608787376993
LiFeSiO4,-4.523818002580662
LiYSe2,-2.956622164251294
SrLiPO4,-2.7064480171459815
Cs2LiSbCl6,-3.00317339264621
LiLa5Ti8O24,-1.8015914725266398
LiH3IN,-2.511697847120462
LiYGeO4,-2.5630247585021495
LiTlPHO3,-3.502825870818768
LiBi3(PO5)2,-2.8936075873479408
LiIO3,-2.6196001831344398
NaLiCO3,-4.429727368401625
K2LiTlF6,-3.9128821945783017
LiNiBO3,-5.025537726390579
SrLiBS3,-4.5507514724547224
LiVF3,-1.810592606142511
LiReO4,-4.04238004509388
Cs2LiNdBr6,-3.4295866432422333
Sr2LiSc(B2O5)2,-4.399328786228272
LiFe2P3O10,-3.2446533622819267
Na5LiFe2P2(CO7)2,-4.306551746375832
LiVPO5,-2.9680959943009575
LiSn(PO3)3,-3.7099965187138015
LiSb(PO3)4,-2.799503498353191
KLiZnO2,-2.7707708313520314
LiNbTe2WO12,-3.6226103541027914
LiMgN,-2.332974139248363
LiFeAs2O7,-4.132669738430495
LiMnBO3,-5.078608787376993
LiAlSiO4,-3.9993398502504593
LiMnF4,-3.9707975134484927
CsLiCl2,-2.8238791715005163
LiLa4AuO8,-2.522328491566863
LiZr5TlF22,-2.848762490545026
LiPH21S3N7,-3.6245074295578306
LiV3P3(HO6)2,-1.2991914767776873
LiCr6P7O24,-3.91992527903796
CsLiCrO4,-2.943027722133005
LiB(HO)4,-2.8546855569474214
RbLiSO4,-2.779593068374395
LiVF5,-1.4781569209719825
LiCr(PO3)3,-3.9276490293885127
LiMnVF6,-2.4984484088470955
KLiErF5,-2.972772351219712
Cs2LiMnO4,-3.607077744412745
LiDySe2,-3.103695922985593
LiZnPS4,-3.0066075063761506
LiMn(PO3)3,-3.9798173224456264
LiSc(BH4)4,-2.843675978576072
LiSn2(PO4)3,-3.4054138263059874
LiYMg30O32,-1.986615120884903
LiVF6,-2.7993219566095893
LiH3O2,-2.878720680294108
LiNO3,-3.499350590147938
LiTa3O8,-3.375212923987566
LiVF4,-1.6057874964109322
LiPr6B3O14,-4.4877687990656305
BaLiCrF6,-3.38916156171989
KLiZnS2,-1.795879415273299
LiUAs(H4O5)2,-3.208871338922902
LiFe2P5O16,-2.799656886761212
Na2LiMnPCO7,-4.127440815435907
BaLiF3,-2.420332440680836
LiTb(PO3)4,-3.3351128228001565
LiSmS2,-2.644512541084099
LiAlO2,-3.943417622019909
LiInS2,-5.102896469525717
LiSb(PO3)4,-2.799503498353191
Na5LiMn2P2(CO7)2,-4.132821968344615
LiMn2F9,-3.670648087429095
LiNdO2,-2.687742834135657
LiScH2Se2O7,-3.9797422761962
Na2LiMnPCO7,-4.127440815435907
LiBeH4NF4,-0.8093097973449264
LiTi2(PO4)3,-2.2779132221239236
LiAlSiH2O5,-3.82065459779528
LiZnBO3,-4.434957991156159
LiVFeP2(HO5)2,-2.78753387737203
K2LiVO4,-2.436523154667579
LiVF6,-2.7993219566095893
SrLi(B3O5)3,-5.246672638478463
Cs2LiNdI6,-2.574693435272116
RbLiSO4,-2.779593068374395
LiTa3O8,-3.375212923987566
Rb2LiTmCl6,-2.4464707552202527
LiFeF3,-3.8079218048836485
LiBi3(IO2)2,-2.8908813775618536
LiFe(SiO3)2,-4.538858765662042
LiSc(SiO3)2,-2.6444272795399595
LiMgVO4,-1.5723296352025908
NaLiZnP2O7,-3.6504267911396235
LiFe(PO3)3,-3.213093093984238
LiGaO2,-4.757041226769056
LiFeF4,-3.8302571637310336
BaLiH3,-2.695463692856455
RbLiCrO4,-2.8088715584313175
Na5LiCo2P2(CO7)2,-4.36339409416985
LiGdO2,-1.8540064334905413
Cs2LiScCl6,-2.5105116057897536
LiCoPO4,-3.8020303432844953
LiNbFeO4,-3.2209801513135288
LiNiPO4,-3.7783580857150367
K2LiScCl6,-1.6486286976009337
LiCrPO4,-3.652830891515626
LiCoSO4F,-3.573989812095973
Sr2LiTaN3F,-3.6308408706408293
LiInSe2,-4.067860753749834
LiCrO2,-2.630575881422194
SrLiTi4CrO11,-2.1585224949333295
LiMgAlF6,-4.139715710973789
LiCo(PO3)3,-3.195947432656596
LiLa5Si4N10O,-3.022731807594506
LiAlTe2,-4.871861147704912
LiZr2(PO4)3,-2.1619901658612526
LiCr(GeO3)2,-4.522521045485494
LiH,-2.2082711246141846
RbLiCl2,-2.3585827002391007
LiSn(H2N)3,-4.127333981674065
LiFeBO3,-4.996693479209637
LiYMg30O32,-1.986615120884903
LiMoP2WO11,-3.564282562241944
LiMn3P3(HO6)2,-3.742879702448642
LiCrO2,-2.630575881422194
K2LiAlP2,-3.457778282900099
LiNb13O33,-2.781059907356191
LiVCrP2(HO5)2,-2.806398862906376
LiYSe2,-2.956622164251294
LiVPO4F,-2.9039016099658124
LiVNiO4,-2.5818256223341387
Rb2LiAlF6,-3.7104406896624926
LiGa(H2N)4,-3.9992105510473532
LiCr(PO3)4,-3.5721038799194105
LiSmS2,-2.644512541084099
CsLiSO4,-3.111486332672579
LiVF4,-1.6057874964109322
LiSm4(Mo2O7)2,-4.942613863846004
LiSb2F7,-3.4059469136144465
LiMnHSO5,-3.673643801249734
LiMoP2O7,-3.625604097006902
LiMg14GaO16,-3.420265455791742
LiCo2(PO3)5,-2.9434949617157744
LiCoPO4,-3.8020303432844953
LiP3(WO6)2,-3.774823748704851
LiLaNdSbO6,-2.326299663259878
NaLiB4O7,-5.600538580939405
LiMgBN2,-4.440520601302342
LiTa3O8,-3.375212923987566
LiAlSiH2O5,-3.82065459779528
LiCl,-1.665657862293061
LiY(TlCl3)2,-4.219579273129288
Rb2LiSbCl6,-2.7106593054078894
LiNiPO4,-3.7783580857150367
Li2FeF4,-3.2203925865326006
Li2SiF6,-3.5690041061509006
Li2CoSiO4,-3.6838984103924317
K3Ba3Li2Al4B6O20F,-4.211374954946611
Li2ZnSiO4,-3.5936969930304556
Li2Cr2FeSbO8,-4.4411344266165
Li2NbCr3O8,-3.7475705360690426
Li2Mn3(SeO3)4,-3.91582000702114
CsLi2Br3,-2.6495840493041256
Li2VOF4,-2.4809778464456693
Li2Fe(SO4)2,-4.002681683689385
K3Li2Nb5O15,-2.182391913355675
Li2Mn3(P2O7)2,-3.756416317595541
Li2PtO2,-3.1011049331683154
Li2Ti6Zn3O16,-2.254396074825595
Li2Ge2O5,-4.103759036474247
Sr4Li2B12O23,-5.580706959995194
Li2H2SeO5,-3.077197233649597
Li2FeP4(H4O5)4,-2.719890920167346
Li2VP4(H2O3)6,-2.284846843583024
Li2VPO4F,-2.3378899548851604
Li2Fe3SbO8,-3.934285773708486
Li2VFeP2(HO5)2,-2.5586972032972226
Li2MnFe(BO3)2,-5.02876033502106
Li2P2WO8,-3.0829615325693327
Li2VCrO4,-2.3796422839324776
Li2SnTeO6,-4.296318345994526
Li2Cr3SbO8,-3.3397660687358552
Li2CoGeO4,-3.955249367958224
Li2Ni3(P2O7)2,-3.6969377680957267
Li2HfO3,-1.9798669408415717
Li2B4O7,-5.435664752141232
Li2MnF6,-3.3310246621360555
Li2Fe2(SO4)3,-3.452927865590735
Li2MnP2O7,-4.060774558997391
Li2MnSiO4,-3.5306801477394862
Li2SnP2O7,-4.051380912586277
Li2SiNiO4,-3.9188973766770703
Li2FeSiO4,-3.625764133330855
Li2VP2O7,-3.0747565631706273
Li2Cr2O7,-3.8144904285824497
Li2HIO,-2.491720356850986
Li2Cr3SbO8,-3.3397660687358552
Li2SiO3,-3.011330534583639
Li2MgGeO4,-3.8346991763766938
Cs3Li2I5,-3.1813903582816625
Li2P(HO)6,-2.863291094631011
Li2WO4,-2.763787437717682
Li2ZrF6,-2.2812223515392143
Li2CoSiO4,-3.6838984103924317
Li2MnSiO4,-3.5306801477394862
Li2MnP2O7,-4.060774558997391
CsLi2BS3,-3.289472932646799
Li2Ni(PO3)4,-3.9895653268582523
Li2Cr3WO8,-3.1306921752729258
Li2Cr(PO3)4,-4.104993971740692
Li2Cr3(SiO3)4,-5.140707445502974
Li2FeF5,-3.305509743480476
Li2VSiO5,-2.8341069769973966
Li2FeF4,-3.2203925865326006
Li2SO4,-3.2447147870367257
KLi2BO3,-3.173301196629531
Li2Mn3(P2O7)2,-3.756416317595541
Li2CoSiO4,-3.6838984103924317
Li2FeP2O7,-4.036086662476954
Li2Ti2O5,-1.3407608334818486
RbLi2Ga2(BO3)3,-3.9870570077785055
Li2ZnCl4,-2.5660897239417095
Li2VCrO4,-2.3796422839324776
Li2FeSiO4,-3.625764133330855
CsLi2(HO)3,-2.4292839525495125
Li2TeO4,-3.4752116722555355
Li2MnFe(BO3)2,-5.02876033502106
Cs3NaLi2(BO3)2,-3.1328035455690606
Li2Cr3(NiO6)2,-4.5165210390524635
Li2SnF6,-4.346722288769951
NaLi2MnPCO7,-4.259461595852951
Li2U3P2O15,-2.0266725061072792
Li2TiCr(PO4)3,-3.2506944642067195
Li2VFe(PO4)2,-3.1821790304987654
Sr4Li2Si4N8O,-3.9023868528403662
Li2VCrP2(HO5)2,-2.7111176301313997
Li2V3WO8,-2.609909786295514
Li2FeSiO4,-3.625764133330855
Li2CdSiO4,-3.4270714331845826
Li2Ti3CoO8,-2.441759269017318
Li2HClO,-1.6808419419966294
Li2CrFeO4,-2.7107238196031265
Li2Sn(H5O4)2,-3.3796829848316983
Li2VF6,-2.597943139451628
Li2SiNiO4,-3.9188973766770703
Li2BeH4,-2.09920994480219
Li2MoF6,-3.5887005296145293
Li2BeSiO4,-3.1184924910613
Li2MnSiO4,-3.5306801477394862
Li2MnSiO4,-3.5306801477394862
Li2MgCl4,-2.3993779646558306
Li2InFe(P2O7)2,-4.38999343559302
Li2B6O9F2,-5.270293084006647
Li2TeMoO6,-3.703027094605467
Li2FePCO7,-4.3993844931339625
Li2ZrTeO6,-2.8644260317051553
BaLi2MnV2O8,-1.525661029829704
Li2FeGeO4,-3.9080313055666815
Li2SiSnS4,-3.293890260865905
Li2MgB4(H17N3)2,-3.253909909870215
Li2FeSiO4,-3.625764133330855
Li2MnFe(BO3)2,-5.02876033502106
Li2ScFe(SiO3)4,-3.5816955117947975
Li2MnP2O7,-4.060774558997391
Li2AlGaSi2(H2O5)2,-3.634679686611661
Li2ZrFe(PO4)3,-2.612309381950652
Li2CoSiO4,-3.6838984103924317
Li2CoGeO4,-3.955249367958224
Li2Al2CrSbO8,-4.096029839401384
Li2SiNiO4,-3.9188973766770703
Li2V(PO3)4,-3.104330990706768
Li2MnF6,-3.3310246621360555
Li2NbOF5,-2.8710116810278077
Li2Cr3(CoO6)2,-3.232507012584326
Li2Ta4O11,-3.3757918316181557
Li2MnFe(BO3)2,-5.02876033502106
NaLi2V3O9,-1.9066556251348086
Li2Cr5(PO4)4,-4.223553611993257
Li2FePCO7,-4.3993844931339625
Li2Mg2Si4O11,-3.7543191791535806
Li2CoNi(PO4)2,-3.904560071450176
Li2Ti2MnCr2(PO4)6,-2.920400449573891
Li2Mg3Ti6O16,-1.3346403873641925
Li2FeSiO4,-3.625764133330855
Li2Ti2AsPO10,-2.2168375836060386
Li2O,-2.154895230833193
Li2MnFe(BO3)2,-5.02876033502106
Li2VCr(P2O7)2,-3.347578807227229
Li2MnFe(BO3)2,-5.02876033502106
Li2NbOF5,-2.8710116810278077
Li2ZnSnS4,-3.8486232256884287
Li2MnFe(BO3)2,-5.02876033502106
Li2V4Si4O13,-3.1322170730387477
NaLi2FePCO7,-4.560154850264516
Li2TiFe(PO4)3,-2.9915388616987233
Li2CaSiO4,-3.0888074128909464
Li2MnBr4,-2.5513183325709754
Cs4Li2(Si2O5)3,-4.250827290569259
Li2Te,-1.769054959530632
Li2MoO4,-3.0677958838316277
Li2SnN2,-3.8474660545547814
Li2FeSiO4,-3.625764133330855
Li2PdF6,-3.9490560363959686
Li2VOF4,-2.4809778464456693
RbLi2(H2N)3,-2.803503351384118
Li2Ti(IO3)6,-2.646662230843936
Li2VF6,-2.597943139451628
Li2Ti4Ni(PO5)4,-1.6271500305069944
Li2FeP2O7,-4.036086662476954
K5Li2PrF10,-2.4859081469399453
Li2Fe3(P2O7)2,-3.8326434982229225
Li2MnFe(BO3)2,-5.02876033502106
Li2MnF4,-3.2888103407079297
Li2ZrN2,-2.4478734987223847
Li2Sn(H5O4)2,-3.3796829848316983
Li2GeO3,-3.89107454784204
Li2Al(BO2)5,-5.420793101570602
Li2VCrP2(O4F)2,-3.3782259890841733
Li2CrPO4F,-3.334729103098148
Li2W2O7,-3.720508071754111
Li2SiN2,-2.7398256672997725
Ba3Li2Mo4P6(ClO14)2,-3.4836569099477384
Li2MnFe(BO3)2,-5.02876033502106
Li2IBr,-2.14369080029287
Li2MnGeO4,-3.6981629378471514
Li2NiGe3O8,-4.046240128638139
Li2TiS2O,-1.972665536855721
Li2NbFe3O8,-2.853028371496173
CsLi2I3,-2.7771183707695766
Li2P2H2O7,-2.323507689586713
Li2Mn3Si3O10,-4.467098397491101
Li2SiNiO4,-3.9188973766770703
Li2MnP2O7,-4.060774558997391
Cs3Li2Cl5,-2.8051756020479854
RbLi2CdC2O6F,-4.2777085352461
Li2MnPCO7,-4.356361667947483
Li2ScP2HO8,-2.825539091440714
Li2FePCO7,-4.3993844931339625
Li2VCrP2(HO5)2,-2.7111176301313997
Li2MnP2O7,-4.060774558997391
Li2MgTi9O20,-2.0429587667778453
Li2CoP2O7,-3.7232726046858056
Li2Ni2(SO4)3,-3.368404130720041
Li2Cr2FeSbO8,-4.4411344266165
Li2VCrP2(O4F)2,-3.3782259890841733
Li2SnO3,-3.7085628715441676
Li2Mo4O13,-3.9808284947805097
Li2ZnGeO4,-3.597655608765943
Li2CdCl4,-2.4387674849821197
Li2TeO3,-3.32848774929532
Li2CN2,-4.222391963954452
Li2CaTa2O7,-2.743240660914836
NaLi2AsO4,-3.627186668820137
Li2Ca(SiN2)2,-3.4299729293896024
Ba6Li2Ti16O39,-1.1553800118584672
Li2In2SiSe6,-3.9907838734821723
Li2Ta2(OF2)3,-2.9648231031132775
Li2Ca2Si2O7,-3.412015971915917
Li2VCrP2(O4F)2,-3.3782259890841733
Li2MnP2O7,-4.060774558997391
Li2TiSiO5,-2.6745232562897607
Li2U3V2O15,-2.085977118758338
Li2HfO3,-1.9798669408415717
Li2HN,-2.1101991507476234
Li2MnO2F,-2.921330159668601
Li2VF6,-2.597943139451628
Li2MnFe(BO3)2,-5.02876033502106
Ba5Li2(WO5)3,-4.37007059009896
Rb3Li2Ga(MoO4)4,-3.8466441356148557
Li2FeSiO4,-3.625764133330855
Li2FePCO7,-4.3993844931339625
RbLi2(IO3)3,-2.6581186508782966
Li2CdGeO4,-3.629749277192093
Li2V3SbO8,-2.8938521916261455
Li2PNO2,-2.9244912429702152
Li2ZnFe(PO4)2,-3.933947027895983
Li2MgCdP2,-3.454824728239456
Li2Mn(SO4)2,-4.00166551345618
Li2H2C6N9Cl,-4.2741045090089935
Li2VF4,-0.8966047647288782
Li2ThN2,-2.443412809727463
Na2Li2Al3Si3ClO12,-4.2233137594771915
Li2NiP2O7,-3.8973675771181275
Li2La3Nd(SbO6)2,-2.3171573683555073
Li2VP2HO8,-2.714345657239429
Li2MnP2O7,-4.060774558997391
Li2SnP2O7,-4.051380912586277
Li2MnFe(BO3)2,-5.02876033502106
Li2SnP2O7,-4.051380912586277
K5Li2NdF10,-2.4981355728845522
Li2BeF4,-1.8796809380950745
Li2Si2O5,-3.56062837067317
Li2PtF6,-3.6450532405491542
Li2WS4,-2.7295620308986686
Li2VF6,-2.597943139451628
RbLi2(H2N)3,-2.803503351384118
Li2H4(SO4)3,-2.580896631735574
Li2CrP2O7,-3.9130715747604894
Li2VCrO4,-2.3796422839324776
Cs3Li2Br5,-3.1291365372034363
Li2VOF4,-2.4809778464456693
Li2Si3O7,-3.9281405769466358
Li2VCr(P2O7)2,-3.347578807227229
Li2Co(SO4)2,-3.790218517605207
Li2Al2SiO6,-4.220603217000939
Li2Ti4O9,-1.554071326629386
Li2CrFe(PO4)2,-3.758008130215271
Li2WS4,-2.7295620308986686
Li2MgMn3O8,-2.6211706595971402
Li2Mn2Si4O11,-4.433524826528783
Li2Th(AsO4)2,-3.1944301383484275
Li2In2SiS6,-4.503819168628287
Li2CoSiO4,-3.6838984103924317
Li2Ca2Si5O13,-4.228334703860572
Li2FeP2HO8,-3.622214911475858
Li2NiP2O7,-3.8973675771181275
Li2VCr(P2O7)2,-3.347578807227229
Li2Ti4Ni(PO5)4,-1.6271500305069944
Li2HfO3,-1.9798669408415717
Li2VP4(H4O5)4,-2.305101748185126
Li2Co(CO3)2,-4.865509330151719
Li2PtO3,-3.1523838384759495
Li2CrFeO4,-2.7107238196031265
Li2Mn(PO3)4,-4.081858745141306
Li2CoSiO4,-3.6838984103924317
Li2Ni2(SO4)3,-3.368404130720041
Li2Fe(SiO3)2,-4.362398064571424
Li2Ti3FeO8,-2.0183394212532786
Li2Mn(PO3)4,-4.081858745141306
Li2HfO3,-1.9798669408415717
Li2MnSiO4,-3.5306801477394862
Li2In2GeS6,-5.1105342108006315
Li2Mn2(SO4)3,-3.9197429101948615
SrLi2Nb2O7,-1.7139565698451045
Li2MgGeO4,-3.8346991763766938
Li2Te2O5,-3.105589395952364
Rb2Li2SiO4,-3.609646414087644
Li2V3WO8,-2.609909786295514
Li2VFe(P2O7)2,-3.2772841567342232
BaLi2Ti6O14,-0.8165348763489608
Li2S,-2.8852328135972884
Li2GeTeO6,-3.9112412121705287
Li2Mn2Si5O13,-4.414376224909084
Li2VCrP2(O4F)2,-3.3782259890841733
Li2MoO3,-3.2699820839702083
Li2MnFe(BO3)2,-5.02876033502106
Li2AlFeO4,-4.062089870973558
Li2MnFe(BO3)2,-5.02876033502106
Li2Se2O7,-3.6344181412535406
Li2ZnBr4,-2.0910059526033042
Li2Cr4O13,-3.168260381696324
Li2FePCO7,-4.3993844931339625
Li2TiO3,-1.4696601130418956
Li2B3PO8,-4.386864582412054
SrLi2Ta2O7,-2.791710261083435
Li2HN,-2.1101991507476234
Li2Be2H4NF7,-0.7389947689582881
Li2VOF5,-2.5084887176584316
Li2CoP2O7,-3.7232726046858056
Li2TiFe(PO4)3,-2.9915388616987233
Li2FePCO7,-4.3993844931339625
Li2MnPO4F,-3.462608243305801
Li2Ni(SO4)2,-3.779829158873188
Li2MnF6,-3.3310246621360555
Li2MnO2F,-2.921330159668601
Li2Lu5B3O13,-3.8694494781229976
Li2CdSnS4,-3.813487282997096
Li2NiSnO4,-3.9286664822909465
Li2MnFe(BO3)2,-5.02876033502106
Li2HfN2,-2.5023056892902686
Li2Ti6Zn3O16,-2.254396074825595
Li2FeSiO4,-3.625764133330855
Li2B2Se5,-4.579975329788737
BaLi2SiO4,-2.5206186985113237
Li2Co(CO3)2,-4.865509330151719
NaLi2CoPCO7,-4.550604652719464
Li2VO2F,-1.5372025182363274
Li2FePCO7,-4.3993844931339625
Li2MnFe(BO3)2,-5.02876033502106
Li2MnV3O8,-2.82790397978105
Li2Sn(PO3)4,-4.34671599359306
Li2MnSiO4,-3.5306801477394862
Li2TeWO6,-3.2173170292118405
Li2Cr3WO8,-3.1306921752729258
Li2O2,-2.2395932809862233
Li2CrO4,-3.16223624624499
Li2CoSiO4,-3.6838984103924317
Li2Co2(SO4)3,-3.3368741175595407
Li2FeSiO4,-3.625764133330855
Li2MnF6,-3.3310246621360555
Li2MgBr4,-2.444303338184508
Li2NiPO4F,-3.691227219324052
Li2VCrP2(HO5)2,-2.7111176301313997
RbLi2Fe2(BO3)3,-4.7013765211292675
Li2VCr(P2O7)2,-3.347578807227229
Li2MgSiO4,-2.924900432450233
Li2TiCr(PO4)3,-3.2506944642067195
Cs2Li2TiO4,-2.9669915342585806
Li2Fe(SO4)2,-4.002681683689385
Li2MnCl4,-2.7337704665509786
Li2FeSiO4,-3.625764133330855
Li2MnFe(BO3)2,-5.02876033502106
Na3Li2Fe5(SiO3)10,-4.59716835383759
Li2MoP4O13,-4.195282476265467
Li2TiO3,-1.4696601130418956
Li2VFeP2(HO5)2,-2.5586972032972226
Cs3Li2Fe(MoO4)4,-4.622387784040647
Li2Sn(HO)6,-3.116980536029677
Li2Co(PO3)4,-3.915551561735116
Li2SiNiO4,-3.9188973766770703
Li2CaTa2O7,-2.743240660914836
Li2CaGeO4,-3.6494379294979757
Li2VFe(P2O7)2,-3.2772841567342232
Li2FeP2O7,-4.036086662476954
Li2Ni2(MoO4)3,-5.4993704497989935
Li2VF6,-2.597943139451628
Li2ZrF6,-2.2812223515392143
Li2Mn3P4(HO4)4,-3.383966004298301
Li2MnF4,-3.2888103407079297
Li2MnSiO4,-3.5306801477394862
Li2Si2O5,-3.56062837067317
Li2ZnI4,-2.370452965926848
Li2MnPCO7,-4.356361667947483
Li2S2O7,-3.401728260422042
Li2CrFeO4,-2.7107238196031265
Li2La2Ti3O10,-0.8753923416080029
Li2PtF6,-3.6450532405491542
Li2Fe3(P2O7)2,-3.8326434982229225
Cs2Li2GeO4,-4.05064125984269
NaLi2B(PO4)2,-3.9851852053815366
Li2Mn(PO3)4,-4.081858745141306
Li2FeP2O7,-4.036086662476954
Li2Cr5(Si2O7)2,-5.192123614288375
Li2Ti3ZnO8,-2.3150135795327724
Li2Nd(NO3)5,-3.2267107401729542
Li2MnF6,-3.3310246621360555
Li2MnFe(BO3)2,-5.02876033502106
Li2Te2O5,-3.105589395952364
Li2InP2HO8,-4.408715427901232
Sr8Li2B22H2O43,-5.6743095404151696
Li2Ti3NiO8,-2.332883631561932
Li2Hg(PO3)4,-3.081952031860392
Li2FePCO7,-4.3993844931339625
Li2Ti3MnO8,-1.9297079699605313
Li2VFeP2(HO5)2,-2.5586972032972226
Li2CoSiO4,-3.6838984103924317
Li2CoP2O7,-3.7232726046858056
Li2PH3O4,-2.152207341627084
Li2MnFe(BO3)2,-5.02876033502106
Li2FeSiO4,-3.625764133330855
Li2MnFe(PO4)2,-3.7955056929563113
Li2CoH8(CO5)2,-2.994058732574213
Li2V3SbO8,-2.8938521916261455
Li2CO3,-4.451865017269589
Li2FeNi(PO4)2,-3.683650507643419
Cs2Li2B2P4O15,-4.454869730891103
Li2FeSiO4,-3.625764133330855
Li2FeSiO4,-3.625764133330855
Li2MnCo(PO4)2,-3.890689574275597
Li2TiTeO6,-2.8182976331053355
Li2MnF6,-3.3310246621360555
Li2NiP2O7,-3.8973675771181275
Li2Ni3(P2O7)2,-3.6969377680957267
Li2MnFe(BO3)2,-5.02876033502106
Ba3Li2B10(H3O11)2,-4.925522971748505
Li2VFeP2(HO5)2,-2.5586972032972226
Li2VO3,-1.5858213181493506
Li2MnFe(BO3)2,-5.02876033502106
KNaLi2(SO4)2,-3.0927668828499812
Li2FePCO7,-4.3993844931339625
Li2WO4,-2.763787437717682
K3Li2Nb5O15,-2.182391913355675
Li2NbCr3O8,-3.7475705360690426
Li2MgZrO4,-0.8401449824210803
Li2Mo(PO4)2,-3.6060112860328495
Li2MnCr(PO4)2,-3.595657901444791
Li2BeCl4,-1.877722428103331
Li2Fe2(MoO4)3,-4.368230071543402
CsLi2Cl3,-2.3694548176651082
CsLi2Cl3,-2.3694548176651082
Li2CrO4,-3.16223624624499
Li2U(MoO5)2,-2.4236798119222023
Li2BeSiO4,-3.1184924910613
Cs3Li2Al(MoO4)4,-4.445654416888753
Li2Cr(H2O3)2,-2.3109829199255287
Li2MnP4(H4O5)4,-2.6782329260237705
Li2Fe3P4(HO4)4,-3.3887823829176593
Li2V3WO8,-2.609909786295514
Li2CoO2,-3.323176256097902
Li2Co3(P2O7)2,-3.671329504061908
Li2CrP2O7,-3.9130715747604894
Li2Mn2(SO4)3,-3.9197429101948615
Li2MnFe(BO3)2,-5.02876033502106
Li2Co(SO4)2,-3.790218517605207
Li2CeO3,-1.0133644443734253
Li2SiS3,-2.552586523871427
Li2VF5,-2.644753776938482
Li2Sm(NO3)5,-3.423696510237282
Li2Nb4ZnO12,-2.994600868398045
Li2SiNiO4,-3.9188973766770703
Li2V3(P2O7)2,-2.4435841934789937
Li2H2SeO5,-3.077197233649597
Li2MnV(PO4)2,-3.158257566400207
Li2VCr(P2O7)2,-3.347578807227229
Li2SnH14Se3O7,-1.8490441087762992
Li2MnF4,-3.2888103407079297
Li2SiNiO4,-3.9188973766770703
Li2FePCO7,-4.3993844931339625
Li2Ca4Si4O13,-4.13596909614534
Li2VSiO5,-2.8341069769973966
Li2CoP2O7,-3.7232726046858056
Rb3Li2Al(MoO4)4,-3.9365489306108317
Li2Cr3WO8,-3.1306921752729258
NaLi2NiPCO7,-4.578599821278367
Li2P8W3O29,-2.514363834919004
Li2Co3(SiO4)2,-4.476604550598268
Li2FePCO7,-4.3993844931339625
Li2VPCO7,-3.9919917427817317
Li2CoP2O7,-3.7232726046858056
Li2B4H4O9,-4.000803503894296
BaLi2Mg(PO4)2,-3.3206618605840488
NaLi2MnPCO7,-4.259461595852951
Li2MgB12(H4O7)4,-3.5982793092481686
Li2WO4,-2.763787437717682
Li2ZrO3,-1.2015350497714463
SrLi2(SiN2)2,-3.545642107991708
Li2Ti3Sn(PO4)6,-2.7577131679167897
Li2FePCO7,-4.3993844931339625
Li2Mg2(SO4)3,-3.420447777631205
Li2CoSiO4,-3.6838984103924317
Li2SeO4,-4.109388001166336
Na3Li2Al(SiO4)2,-3.3872667659902023
NaLi2BO3,-3.732817187627646
Li2MnFe(BO3)2,-5.02876033502106
Li2U3(PO5)4,-2.2573342702029606
Li2Ti2MnCr2(PO4)6,-2.920400449573891
Li2Fe(BO2)5,-4.98682121515327
Cs2Li2SiO4,-4.099735507930343
Li2Fe(PO3)4,-3.9903004479431043
Li2CaV12O32,-3.1726478578002553
Li2FeSiO4,-3.625764133330855
Li2TiSn3(PO4)6,-2.946973429970193
Li2ZnSn3O8,-4.0098025140546465
Li2VCr(P2O7)2,-3.347578807227229
Li2TiF6,-2.4649434440862055
Li2MnSiO4,-3.5306801477394862
Li2CaTa2O7,-2.743240660914836
Li2VOF4,-2.4809778464456693
Li2Cd(PO3)4,-3.713090049437029
Li2TeO3,-3.32848774929532
Li2VFeP2(HO5)2,-2.5586972032972226
Li2Pr(NO3)5,-3.199213229487736
Li2Fe2Si4O11,-4.402064004160428
Li2MnSiO4,-3.5306801477394862
Li2CrFeO4,-2.7107238196031265
Li2VFe(P2O7)2,-3.2772841567342232
Li2GeF6,-3.9638755198561046
Li2Fe(PO3)4,-3.9903004479431043
Li2VCrO4,-2.3796422839324776
Li2CoSiO4,-3.6838984103924317
Li2FeSiO4,-3.625764133330855
Cs3Li2Ga(MoO4)4,-4.282945405188974
Li2MnP2O7,-4.060774558997391
Li2CrPCO7,-4.306461091109702
Li2Co3(SeO3)4,-3.959779697982245
Li2Ni(WO4)2,-3.6412950558970016
Li2VFe(P2O7)2,-3.2772841567342232
Li2GeF6,-3.9638755198561046
Li2MgH4,-2.0517624162045056
Li2VF6,-2.597943139451628
Li2B3O4F3,-5.34098827425429
Li2FeP2O7,-4.036086662476954
Li2FePCO7,-4.3993844931339625
Li2VCrP2(O4F)2,-3.3782259890841733
Li2VCr(P2O7)2,-3.347578807227229
Li2Cr2Si5O13,-4.594046270480364
Li2CrPO4F,-3.334729103098148
BaLi2P2O7,-3.5483709743144063
Li2FeF5,-3.305509743480476
Li2CrO3,-3.13984365747739
Li2MnSiO4,-3.5306801477394862
Li2CrFe(PO4)2,-3.758008130215271
Li2CrFeO4,-2.7107238196031265
SrLi2SiO4,-2.80581381293331
Li2La(NO3)5,-2.5641258158022446
Li2MnNi(PO4)2,-3.634484473345188
Li2MnFe(BO3)2,-5.02876033502106
Li2FePCO7,-4.3993844931339625
Ba3Li2V2Cl4O7,-1.9836608233819804
Li2Ti6O13,-1.7725344497545548
Li2VOF5,-2.5084887176584316
Li2MnF5,-3.534610098892785
Li2VCrP2(O4F)2,-3.3782259890841733
Li2W(OF2)2,-3.324175908589351
SrLi2Ti6O14,-1.073379531348363
NaLi2PO4,-2.9372885653592506
Li2FeAsCO7,-4.335872000595559
Li2CaHfF8,-2.7118166557338497
Li2MnO2,-2.8317939934982608
NaLi2FePCO7,-4.560154850264516
Li2MnFe(BO3)2,-5.02876033502106
Li2H6PtO6,-2.8595846181028444
Li2AlCr2SbO8,-4.0060098339335175
Li2VF4,-0.8966047647288782
Li2SnP2O7,-4.051380912586277
Li2Fe(PO3)4,-3.9903004479431043
Li2Ca3Be3Si3(O6F)2,-3.7812855285890565
Li2Mg3Ti6O16,-1.3346403873641925
Li2VFe(P2O7)2,-3.2772841567342232
Li2GeN2,-3.789628854152069
Li2CrF6,-3.3976428491277915
Li2ZnCl4,-2.5660897239417095
Li2Mo4O13,-3.9808284947805097
Li2CrPCO7,-4.306461091109702
Rb2Li2GeO4,-3.406593455759427
Li2CrFeO4,-2.7107238196031265
Li2NiF4,-3.3449710524116707
Li2CdGeS4,-3.4534608388384314
Li2MgSiO4,-2.924900432450233
Li2MnP2O7,-4.060774558997391
Li2VF6,-2.597943139451628
Li2In2GeSe6,-3.959221935388491
Li2Co(PO3)4,-3.915551561735116
Li2FeP2O7,-4.036086662476954
Li2Cr2Si4O11,-4.39557675752377
Li2H2SO5,-2.6295095127511536
Li2V2P4H6O17,-1.9831839395677753
K2Li2TiO4,-2.578698010751347
Li2TeO3,-3.32848774929532
Li2VOF4,-2.4809778464456693
Li2B8SeO15,-5.148680852470732
Li2Zr4As3(PO8)3,-3.057983379280876
Li2VPO6,-2.990476627851625
Li2H6Pt,-2.6599911303596153
Li2MnFe(BO3)2,-5.02876033502106
Li2FePCO7,-4.3993844931339625
Li2MnFe(PO4)2,-3.7955056929563113
Li2H12C3SN6O7,-2.825978830769455
CsLi2Gd4(BO3)5,-3.2717961293656512
Li32Ti13Cr3O48,-1.760378698818723
Li32Ti13Cr3O48,-1.760378698818723
Li48P16S61,-2.9410033062800807
Li2VF6,-2.597943139451628
Li2VCr(P2O7)2,-3.347578807227229
NaLi2FePCO7,-4.560154850264516
Li2FeP2O7,-4.036086662476954
Li2Zr4As3(PO8)3,-3.057983379280876
Li2VCr(P2O7)2,-3.347578807227229
Li2VCrO4,-2.3796422839324776
Li2B2S5,-4.588546769254753
Li2VOF4,-2.4809778464456693
Li2MnFe(PO4)2,-3.7955056929563113
Li2MnSiO4,-3.5306801477394862
RbLi2Be2F7,-2.2565064069441645
Li2MgTi3O8,-1.523069995006947
Li2MnFe(BO3)2,-5.02876033502106
Li2TiGeO5,-2.48134055942509
Li2Ti4Co(AsO5)4,-3.5235164123427514
Li2Cr2(PO4)3,-3.7911320255815095
Li2H2SeO5,-3.077197233649597
Li2MnPO4F,-3.462608243305801
Li2Fe2(SO4)3,-3.452927865590735
Li2VFeP2(HO5)2,-2.5586972032972226
Li2GePbS4,-3.219691154083418
Li2Mn7(P2O7)4,-3.4574729548149263
Li2Mn2(SO4)3,-3.9197429101948615
Li2MnFe(PO4)2,-3.7955056929563113
Li2MoO4,-3.0677958838316277
Li2Ti(TeO4)3,-3.623092950030502
Li2P7(H3N)9,-3.6160704597299405
Li2HN,-2.1101991507476234
Li2Mn(SiO3)2,-4.008646922106032
Li2CoSiO4,-3.6838984103924317
Li2Nb4ZnO12,-2.994600868398045
K2Na4Li2Ti4Mn3Fe(SiO3)16,-3.2608497139613717
Li2Mn4Si4O13,-4.438626046680561
Li2NiGeO4,-4.062431189933237
Li2AlCr2SbO8,-4.0060098339335175
Li2Mn3(P2O7)2,-3.756416317595541
Li2FeF4,-3.2203925865326006
Li2Zn3(Ge3O8)2,-3.94289723123018
Li2Ti3MnO8,-1.9297079699605313
Li2FeF5,-3.305509743480476
KLi2(HO)3,-1.5388042434662017
Li2VCrP2(HO5)2,-2.7111176301313997
Li2VCr(P2O7)2,-3.347578807227229
Li2MnV3O8,-2.82790397978105
Li2ZnGeS4,-3.7436839457157745
Li2MnFe(PO4)2,-3.7955056929563113
Li2FePCO7,-4.3993844931339625
Li2FeO2,-3.209786163718042
Li2Ti3O7,-1.3587748256398808
Li2CoSnO4,-3.868711802804822
Li2Ni(PO3)4,-3.9895653268582523
Li2Fe3Si3O10,-4.41956976103782
Li2CoSiO4,-3.6838984103924317
SrLi2Ta2O7,-2.791710261083435
Li2FeSnO4,-3.8052942202978954
Li2Ti6PbO14,-2.5451903181401034
Li2NiSnO4,-3.9286664822909465
Li2U4W4O25,-4.323744830315212
Li2FeF4,-3.2203925865326006
Li2CoSiO4,-3.6838984103924317
Li2Ge(S2O7)3,-2.9769166148873296
Li2VFe(P2O7)2,-3.2772841567342232
Li2CoGe3O8,-3.99874138514003
Li2VFe(P2O7)2,-3.2772841567342232
Li2Cr2O7,-3.8144904285824497
Li2VCrP2(HO5)2,-2.7111176301313997
CsLi2(HO)3,-2.4292839525495125
Li2FeSiO4,-3.625764133330855
Li2TiO3,-1.4696601130418956
Sr4Li2Ta2Al2N8O,-3.804377776029093
Li2Mo4O13,-3.9808284947805097
Li2CrFeO4,-2.7107238196031265
Li2Fe2(MoO4)3,-4.368230071543402
Li2UO4,-1.5860543234555697
Li2VCrP2(HO5)2,-2.7111176301313997
Li2NiP2O7,-3.8973675771181275
Li2AlBO4,-4.074547813321228
Li2Mg(HN)2,-1.9290424834767455
Li2V3Si3O10,-3.227032020574846
Li2CrP2O7,-3.9130715747604894
Li2VF6,-2.597943139451628
Li2Co(SiO3)2,-4.180780839716251
Li2NiP2O7,-3.8973675771181275
Li2Se,-1.5120455494797618
Li2Fe2(SO4)3,-3.452927865590735
Li2Mn3F8,-2.70607939184784
Li2NbCr3O8,-3.7475705360690426
Li2Zn2(MoO4)3,-4.826816348693774
Li2CrAsCO7,-5.351626408439902
Li2MnV3O8,-2.82790397978105
Li2SiNiO4,-3.9188973766770703
Li2FeF4,-3.2203925865326006
Li2VOF4,-2.4809778464456693
Li2Mn(SO4)2,-4.00166551345618
Li2Co(WO4)2,-3.5542120482667663
Li2MnV3O8,-2.82790397978105
Li2Fe(WO4)2,-3.6007795897773542
Li2Cr3SbO8,-3.3397660687358552
Li2Fe3F8,-4.332514226711943
Li2CoSnO4,-3.868711802804822
Li3Cr2(PO4)3,-3.898335820874109
KLi3Ca7Ti2Si12(O18F)2,-2.9009744516071008
Li3V(H4O3)4,-2.1172655301968826
Li3MnFe2(BO3)3,-5.010656543508819
Li3Cu2(SO4)3,-3.978461924936802
Li3MnFe2(BO3)3,-5.010656543508819
Na2Li3GaO4,-4.099181371545156
Li3Y(NO3)6,-2.7599228355854066
Na3Li3Fe2P2(CO7)2,-4.447785990130865
Na3Li3Mn2P2(CO7)2,-4.227460836634261
Li3CuS2,-2.9478811399809715
KLi3PbO4,-2.653450939914333
Li3CrF6,-2.62330657115839
Li3Mo2(PO4)3,-3.8069417250748394
Li3Zr4F19,-1.2047642501312519
Li3Cr(PO4)2,-3.915995664702441
Ba2Li3NbN4,-2.7646440374070225
Li3Mn2Fe(BO3)3,-5.136930169866561
Li3BN2,-3.413331533696961
Li3Cr13Ni3(SO4)24,-3.170099444152709
Na5Li3Ti5O14,-1.2548050521683372
KNa2Li3Fe2(Si2O5)6,-4.20995780709261
KLi3Si12(SnO15)2,-3.8976829581032533
Sr2Li3NbN4,-2.6404724790520815
Li3In2(PO4)3,-4.3895663530158195
Li3ScCl6,-1.0099423205975742
Li3V2(PO4)3,-2.999337283695862
Li3AsS3,-1.8464667889718778
Li3Mn2Fe(BO3)3,-5.136930169866561
Li3BiS3,-1.9921090356390079
Li3Nb3TeO12,-3.913398815353837
Li3H3N2,-2.2510047116903418
Li3Sm3(TeO6)2,-3.234162726683229
Li3MnFe2(BO3)3,-5.010656543508819
Li3AlH6,-2.819297195281906
Cs2Li3B3P6(PbO12)2,-4.185285000379459
Li3P7,-3.4097449430031066
Li3AlF6,-2.7892486186059706
Na3Li3Co2F12,-3.4260901167777376
Li3VCr2O6,-2.381457985891465
K9Li3Nd3(BO3)7,-3.197426204035624
Li3MnFeCo(PO4)3,-3.8132288474135776
Li3V(PO4)2,-2.743884225610522
Li3Cr2(PO4)3,-3.898335820874109
Li3Mn2Fe(BO3)3,-5.136930169866561
Li3VF6,-1.8892859995912503
Li3Fe2(PO4)3,-3.881832949963742
Li3MnFeCo(PO4)3,-3.8132288474135776
Li3TaO4,-2.586285153659857
Li3MnV(P2O7)2,-3.441517160031454
Li3Sb3P8O29,-3.1749518692277126
NaLi3Fe4(SiO3)8,-4.59716835383759
Li3VOF5,-1.8815543771101688
Li3Nd3(WO6)2,-3.635283724511259
Li3Mn2Fe(BO3)3,-5.136930169866561
Na3Li3Fe2F12,-3.3231482698455856
Ba2Li3TaN4,-2.3956593479747545
Li3Mn2P5O16,-3.983686635072088
Li3Mo3(PO4)4,-4.117814680329033
Li3MnFeCo(PO4)3,-3.8132288474135776
Li3V5(H8O11)2,-1.8695244968925468
Li3FeF6,-3.217799246721553
Li3Fe2(PO4)3,-3.881832949963742
Li3Nd3(TeO6)2,-3.196007196575116
Li3Cr3(PO4)4,-3.6804096513982754
NaLi3Ti2Cr2(PO4)6,-3.2236472399437246
Li3Al(BO3)2,-4.269764914464956
Li3BN2,-3.413331533696961
Li3Mo2(PO4)3,-3.8069417250748394
Li3Cr3(PO4)4,-3.6804096513982754
Li3Fe4SbO8,-4.180088072403848
Li3Tb(NO3)6,-3.4946108745309368
Na3Li3Mn2P2(CO7)2,-4.227460836634261
Li3Ho3(TeO6)2,-3.796968080800206
NaLi3GeO4,-3.841952995334095
Li3ZnFe2(PO4)3,-3.8223624991800778
Cs2Li3(BO2)5,-5.028477371923946
Li3V2(PO4)3,-2.999337283695862
Li3Mn2Fe(BO3)3,-5.136930169866561
Rb2Li3GaO4,-3.920578047238357
Li3AuO3,-3.147654746684156
Li3SbO3,-2.847611780854593
Ba2Li3(PO3)7,-3.7028116405690072
Na3Li3Rh2F12,-3.0958828942595207
Li3GaSiO5,-3.9327336113452875
Li3Cr2(PO4)3,-3.898335820874109
Li3Fe2(PO4)3,-3.881832949963742
Li3PO4,-2.793906624317341
Cs2Li3I5,-2.8432997049702595
Li3TaO4,-2.586285153659857
Li3Fe3(PO4)4,-3.683302900162283
KLi3SiO4,-3.4176918383377384
CsLi3I4,-2.774771387932608
BaNaLi3(BO2)6,-5.304929628657318
Li3V2CrO6,-2.332073247710876
Li3Nb3TeO12,-3.913398815353837
Li3Fe2CoO6,-3.5690054083831804
Li3MnF6,-3.1488200575230487
Li3Y3(TeO6)2,-1.6892794885188962
Li3YBr6,-1.9693553698316262
Li3AsO4,-3.4469403049061387
Li3VO4,-2.5382205487543468
CsLi3Cl4,-2.036905826055935
Na2Li3FeO4,-3.107395578048391
Li3MnFe2(BO3)3,-5.010656543508819
Li3Sb5(PO4)6,-3.1245755275556326
Li3Mn2Fe(BO3)3,-5.136930169866561
Na3Li3Fe2P2(CO7)2,-4.447785990130865
NaLi3Ti2Fe2(PO4)6,-2.9908925163209235
Li3FeF6,-3.217799246721553
Li3Fe2(AsO4)3,-4.0030963063487
Li3GaGeO5,-4.180523522426353
Li3Fe(BO3)2,-3.886623477784821
Li3NbS4,-3.036578502285984
Li3Dy3(TeO6)2,-3.7621978096694066
Li3Al2CrO6,-3.4959495626273918
Li3Fe3(PO4)4,-3.683302900162283
Na3Li3Cr2F12,-2.9877398824349815
Li3Mo3P3O17,-4.1568595261688195
Li3Ti3Fe(PO4)6,-2.968958421626338
Ba2Li3La3(MoO4)8,-2.448707545883713
Li3PS4,-2.9168693280105984
Li3V(PO4)2,-2.743884225610522
KLi3GeO4,-3.27804689612091
Li3ErBr6,-2.4190089532655454
Li3TeHO4,-3.6139886294784533
Li3Mo3(PO4)4,-4.117814680329033
Li3Er3(TeO6)2,-3.3905161380608524
Li3AsH16(SO2)4,-2.2026529977261524
Li3ZrNb(TeO6)2,-3.134215604574464
Li3MnFe2(BO3)3,-5.010656543508819
Na3Li3Fe2P2(CO7)2,-4.447785990130865
Li3CrClO4,-2.9499127941976746
Li3BN2,-3.413331533696961
Li3Mn2Fe(BO3)3,-5.136930169866561
Cs2Li3I5,-2.8432997049702595
Li3La2(BO3)3,-2.310478156392982
Li3Fe2(PO4)3,-3.881832949963742
Li3Mn(PO4)2,-3.8414643560819783
Li3NbO4,-2.9920645911731367
Li3InBr6,-3.3394275085811493
Li3Cr(PO4)2,-3.915995664702441
Li3Mo(PO4)2,-4.09577421913467
Li3Mo(PO4)2,-4.09577421913467
Cs2Sr2Li3B3(PO4)6,-4.256773220931427
Li3MnFe2(BO3)3,-5.010656543508819
Li3VF6,-1.8892859995912503
Li3MnFeCo(PO4)3,-3.8132288474135776
Li3Tb3(TeO6)2,-3.669688231200232
Cs2Li3Br5,-2.6686091292996736
Li3ErBr6,-2.4190089532655454
Li3MnFeCo(PO4)3,-3.8132288474135776
Na5Li3V8O24,-1.9929112997234784
Li3V3(PO4)4,-2.906272362503789
Na7Li3V10O30,-2.137689552794216
Li3Cr2(PO4)3,-3.898335820874109
Li3AlSiO5,-3.3128521860014226
Li3V(H4O3)4,-2.1172655301968826
Li3V(PO4)2,-2.743884225610522
Li3Cr(PO4)2,-3.915995664702441
Na3Li3Sc2F12,-1.3520006797418065
Li3V2(PO4)3,-2.999337283695862
Li3Fe(PO4)2,-3.760845467237951
NaLi3Ti2Fe2(PO4)6,-2.9908925163209235
Li3Mn(OF)2,-2.922477404764749
Li3AlMo2(AsO7)2,-4.500992514998051
Li3SbS4,-2.16655768526404
Cs2Li3GaO4,-4.308448034924211
Li3La3(MoO6)2,-1.917471743446645
Li3MgZn5(BH4)15,-3.6843918997865304
Li3Fe2P5O16,-3.936777383012327
Li3FeSiO5,-3.445260187407876
Li3VS4,-2.60622868512944
K5Li3Ti8(AsO5)8,-1.9533314312458372
Li3Lu3(TeO6)2,-3.0114753219843085
Li3MnFe2(BO3)3,-5.010656543508819
Li3B5(HO5)2,-4.847872796115539
KLi3Zr2(Si2O5)6,-3.443485903471937
Li3AlN2,-3.2852402590571015
Li3La2H6(N3O10)3,-2.8055727781376016
Li3V2(PO4)3,-2.999337283695862
Li3Fe(PO4)2,-3.760845467237951
Li3V3(PO4)4,-2.906272362503789
Li3Mo2(PO4)3,-3.8069417250748394
Li3Sc(BO3)2,-4.00478371189222
Sr2Li3TaN4,-2.4853287293277315
Li3ClO,-2.02644668801409
Na5Li3(TiS4)2,-2.4893833507155154
Li3AsH36(SeN3)4,-3.319126859709294
Li3CuS2,-2.9478811399809715
Li3ErCl6,-2.165268340765908
Li3PS4,-2.9168693280105984
Na3Li3Mn2P2(CO7)2,-4.227460836634261
Li3Al3P3H2O14F,-3.762014159034875
Li3Mn2Fe(BO3)3,-5.136930169866561
Li3Mn2Fe(BO3)3,-5.136930169866561
Rb2Li3B(P2O7)2,-4.042111094478538
Li3H6Ir,-2.9574022063811807
Li3Tm(NO3)6,-3.5047394908965366
Na7Li3V10O30,-2.137689552794216
K3Li3TeO6,-2.88281815991746
Li3FeF6,-3.217799246721553
Li3VO4,-2.5382205487543468
Li3SbO4,-2.938007383389079
Li3GaF6,-4.0932966679548715
K2Li3FeO4,-3.118845079588394
Li3Mo2(PO4)3,-3.8069417250748394
Li3SbS3,-1.6199507823601116
Li3MnFeCo(PO4)3,-3.8132288474135776
Na3Li3Fe2P2(CO7)2,-4.447785990130865
Li3Ni2SbO6,-3.868864901940535
Li3As7(H3N)13,-3.7926108453414775
Na3Li3Al2F12,-3.028989089051706
Li3PS4,-2.9168693280105984
Li3Sc2(PO4)3,-1.6867862805523108
Na3Li3Fe2P2(CO7)2,-4.447785990130865
Li3VFeP2(O4F)2,-3.343612540889148
Li3AlFeO4,-3.7900190068653017
Li3MnFeCo(PO4)3,-3.8132288474135776
Li3Fe2CoO6,-3.5690054083831804
Li3Cr2(AsO4)3,-4.311620235736865
Li3SbH18S4O9,-2.1833088008822843
Li3V3(FeO6)2,-2.5864478933239012
Li3B7O12,-5.334553742176308
Li3ZnFe2(PO4)3,-3.8223624991800778
KLi3TiO4,-1.8341303927337882
Li3Gd(BO3)2,-3.2425315646478494
Li3Cr3(PO4)4,-3.6804096513982754
Li3Fe2(PO4)3,-3.881832949963742
Li3Mn2Fe(BO3)3,-5.136930169866561
Na3Li3Fe2P2(CO7)2,-4.447785990130865
Li3AsO4,-3.4469403049061387
Li3YN2,-2.2422748304984887
Li3AlF6,-2.7892486186059706
Li3Fe(BO3)2,-3.886623477784821
Li3Pr3(TeO6)2,-3.1847758169623828
Li3Ga(BO3)2,-3.9823847065771707
Li3MnFeCo(PO4)3,-3.8132288474135776
Li3VSi2O7,-3.17404708701826
Na3Li3In2F12,-4.1167126518447645
Li3V2(PO4)3,-2.999337283695862
Li3Sm2(BO3)3,-4.539134549554306
Li3Nd2H6(N3O10)3,-3.1055928549582457
Li3FeF6,-3.217799246721553
Li3P11(H3N)17,-3.6867077836987905
NaLi3V4O12,-1.9018398583482914
Li3BS3,-4.1777557596480275
Li3Mo2(PO4)3,-3.8069417250748394
Li3FeF6,-3.217799246721553
Li3MnP2(O3F2)2,-3.961952774271662
Li3NiF6,-3.5302174845147976
Li3Bi(BO3)2,-3.8578726574729902
Li3Fe2P2(O4F)2,-3.7946854870094127
K2Li3B(P2O7)2,-3.9843367154373044
Li3FeNi2(PO4)3,-3.68416354390015
Li3BiO3,-3.2382906178884996
Na5Li3V8O24,-1.9929112997234784
Li3Dy(NO3)6,-3.485345428279711
Li3U7(PO7)5,-2.129843644614795
Li3MnFe2(BO3)3,-5.010656543508819
NaLi3Fe4(SiO3)8,-4.59716835383759
Li3PO4,-2.793906624317341
Li3FeF6,-3.217799246721553
Li3MnFeCo(PO4)3,-3.8132288474135776
Li3SbS4,-2.16655768526404
Li3V3(PO4)4,-2.906272362503789
Li3Lu(NO3)6,-2.493575824911476
Li3VSi4(HO6)2,-3.7409272891296625
Li3Fe(MoO4)3,-4.699472132146595
Li3Pr2(BO3)3,-4.465668204804889
Li3VOF5,-1.8815543771101688
Li3Gd3(TeO6)2,-3.5641816750564916
Li3MnFe2(BO3)3,-5.010656543508819
Li3Er(NO3)6,-3.485164528643944
Li3V2(PO4)3,-2.999337283695862
Li3BO3,-3.8762274576704634
KNa2Li3Cr2(Si2O5)6,-4.235575277654267
Li3Zn2SbO6,-3.2625093136243084
Li3ScF6,-1.4376462514871866
Li3Co2P5O16,-3.699166915303415
Li3V(H6O5)2,-2.1242560474351437
Li3B11O18,-5.294137321386769
Li3H6Rh,-2.9652156840957833
Li3B(PO4)2,-4.068571002353311
Li3Sb3P8O29,-3.1749518692277126
Li3Nd2(BO3)3,-4.495016429972068
Li3In2(PO4)3,-4.3895663530158195
Li3ScN2,-2.823739107903675
Li3VSi2O7,-3.17404708701826
Li3Gd(NO3)6,-2.6361285976234288
NaLi3SiO4,-3.4156528441135032
Li3Cr2(PO4)3,-3.898335820874109
NaLi3Fe4(SiO3)8,-4.59716835383759
Li3Mo3(PO4)4,-4.117814680329033
Li3Ni2P5O16,-3.8247062054304335
Li3Fe2(PO4)3,-3.881832949963742
Li3B5(HO5)2,-4.847872796115539
NaLi3(H2N)4,-2.8704536637482216
Li3GaN2,-3.997813493343423
Li3Tm3(TeO6)2,-3.324736565061994
Li3U7(AsO7)5,-2.8814056525387657
Li3In(BO3)2,-3.845068680765695
NaLi3Fe4(SiO3)8,-4.59716835383759
Li3AlGeO5,-4.106387848656291
Li3Sc2(PO4)3,-1.6867862805523108
Li3MnFeCo(PO4)3,-3.8132288474135776
Li3Cr2(PO4)3,-3.898335820874109
Li3AuS2,-2.5707814748377125
Li3InO3,-4.220566446637927
Li3InCl6,-3.7421782305658313
Li3MnFeCo(PO4)3,-3.8132288474135776
K2Li3GaO4,-3.917219787566971
Li3Cr2FeO6,-2.633142049024683
Li4Mn3Fe(BO3)4,-5.135474525029581
Li4Mn3Fe(BO3)4,-5.135474525029581
Li4Mn3Fe(BO3)4,-5.135474525029581
Li4Zn(PS4)2,-3.2839895881009395
Li4SnS4,-3.0419477870491414
Li4Ca3(SiN3)2,-2.9810936319529597
Li4H3ClO3,-1.8390060743469623
Li4Cr3FeO8,-2.626367199656708
Li4Mn3O8,-3.223650844321379
Li4Mn3Fe(BO3)4,-5.135474525029581
Li4Ni(PO4)2,-2.975236360093151
Li4Zn(PS4)2,-3.2839895881009395
Li4MnFe3(BO3)4,-5.008275609060866
Li4Zn(PS4)2,-3.2839895881009395
Li4TiO4,-2.546406561534612
Li4Ga3Si3ClO12,-4.37173386804533
Li4V2SiGeO10,-2.881668059687127
Li4Cr3FeO8,-2.626367199656708
Li4NbFe(TeO6)2,-3.433678806887363
Li4TaN3,-2.8139818221225545
Li4VCr3O8,-2.387916507676407
Li4Mn2(PO4)3,-3.9155559844581065
Li4Fe(BO3)2,-4.2434435397559085
Li4Fe2P4H3O16,-3.414161078304982
Li4MnFe3(BO3)4,-5.008275609060866
Li4FeSi2O7,-3.17986343153475
Li4Ga3Si3BrO12,-4.317917098841618
Li4Mn3Fe(BO3)4,-5.135474525029581
Li4V3CrO8,-1.894903835085632
Li4MnGe2S7,-3.4038600139773574
Li4Cr3GaO8,-3.451540221673956
Li4AlCr3O8,-3.779902562501289
Li4MnV(PO4)3,-3.404516087094744
Li4Mn3Fe(BO3)4,-5.135474525029581
Li4VP2(O4F)2,-2.593975504067887
Li4Mn3Fe(BO3)4,-5.135474525029581
Li4GeS4,-2.849577526615539
Li4Fe3Ni(PO4)4,-3.703325558740744
Li4Sc3In(SiO3)8,-3.68255873831455
Li4Mn3Fe(BO3)4,-5.135474525029581
Li4V(BO3)2,-4.434315061396122
Li4GeS4,-2.849577526615539
Li4MnFe3(BO3)4,-5.008275609060866
Li4Al3Si3ClO12,-3.9732105451262343
Li4Ga3Si3IO12,-4.267380661153291
Li4Cr3GaO8,-3.451540221673956
Li4Co(PO4)2,-3.318461046726358
Li4Fe2Si3O10,-3.9158232466976015
Li4Nb2Ni3Sn3O16,-3.5272944097754593
Li4Mn2Si3O10,-3.77540390752726
Li4Ca2Mg(SiN3)2,-2.705292330934492
Li4Cr3FeO8,-2.626367199656708
Li4Mn3Fe(BO3)4,-5.135474525029581
Li4MnFe3(PO4)4,-3.8868668196172864
Li4VCr3O8,-2.387916507676407
Li4UO5,-1.5226864468656591
Li4NbIn3(PO4)6,-4.15215758266825
Li4MnFe3(BO3)4,-5.008275609060866
Li4Al3Ge3BrO12,-4.165872886673176
Li4Mn3Fe(BO3)4,-5.135474525029581
Li4VFe3(PO4)4,-3.3072968667290548
Li4Zn(PS4)2,-3.2839895881009395
Li4Ti7O16,-1.537140170559646
Cs3Li4(BO2)7,-4.927564818815833
Li4Zn(PS4)2,-3.2839895881009395
Li4Al3Cr3(SbO8)2,-3.7907385859892644
Li4Mn(PO4)2,-3.057456012736274
Li4NbCr(WO6)2,-3.3222390947627214
Li4Mn3Fe(BO3)4,-5.135474525029581
Li4AlCr3O8,-3.779902562501289
SrLi4Ca(SiO4)2,-3.0173221484922417
Li4CoTeO6,-3.3430945717360774
Li4TiS4,-2.2767877540975894
Li4Zn(PS4)2,-3.2839895881009395
Li4H6Ru,-3.4198137393683345
Li4Mn3Fe(BO3)4,-5.135474525029581
Li4ScIn3(SiO3)8,-3.7055438131758285
Li4MnFe3(BO3)4,-5.008275609060866
Li4Zn(PS4)2,-3.2839895881009395
Li4H3BrO3,-2.3983513395710783
Sr3Li4(SiN3)2,-2.841331113685784
Li4Mn3Fe(BO3)4,-5.135474525029581
Li4VCr3O8,-2.387916507676407
Li4VCr3O8,-2.387916507676407
Li4Cr3GaO8,-3.451540221673956
Li4Mn3Fe(BO3)4,-5.135474525029581
Li4CrO4,-2.8683769748994177
Li4AlCr3O8,-3.779902562501289
Na4Li4MnFe3P4(O4F)4,-3.325183738029307
Li4VCr3O8,-2.387916507676407
Sr3Li4(GeN3)2,-3.233988882104648
Li4MnFe3(BO3)4,-5.008275609060866
Li4Cr3FeO8,-2.626367199656708
Li4ZnIn2F12,-4.416255132346961
Li4Nb2Cr3Fe3O16,-3.5974618972117614
Li4Fe(BO3)2,-4.2434435397559085
Li4Cr3FeO8,-2.626367199656708
Li4Cr3FeO8,-2.626367199656708
Li4MnFe3(PO4)4,-3.8868668196172864
Li4P5HO15,-3.388459395097625
Li4WO5,-2.9399327097817887
Li4Cr3GaO8,-3.451540221673956
Li4MnCr3(PO4)4,-3.616473450073245
Li4MnFe3(BO3)4,-5.008275609060866
Li4Mn3Cr(PO4)4,-3.7953810347771637
Li4AlCr3O8,-3.779902562501289
Li4Ca(BO3)2,-4.153793991692663
Li4ScFe3(SiO3)8,-3.6988020760173104
CsLi4(BO2)5,-4.795847038968924
Li4MnFe3(BO3)4,-5.008275609060866
Li4V3CrO8,-1.894903835085632
Li4SiO4,-3.358051796048416
Li4V3CrO8,-1.894903835085632
Li4Re6S11,-3.327103148612905
Li4SiO4,-3.358051796048416
Li4Mn3Ni(PO4)4,-3.6621227465368738
Li4Zn(PS4)2,-3.2839895881009395
Li4P2O7,-2.598514863328298
Li4Cr3CoO8,-2.5817422958397933
Li4Zn(PO4)2,-3.1523604439526443
Li4Ni5(P3O11)2,-3.8349422303906215
Li4Mg(HN)3,-1.9413425806500455
Li4CrO4,-2.8683769748994177
Li4Cr3GaO8,-3.451540221673956
Li4Mn3Co(PO4)4,-3.859562909621965
Li4AlCr3O8,-3.779902562501289
Li4Mn3Fe(PO4)4,-3.8499017370952977
Li4Ti5O12,-1.381231745968024
KLi4AlO4,-3.8690791182914976
Li4Zn(PS4)2,-3.2839895881009395
Li4Sc3In(SiO3)8,-3.68255873831455
NaLi4(H2N)5,-2.8455389388122354
Li4Cr3FeO8,-2.626367199656708
Li4Al3Ge3IO12,-3.940775217758203
Li4Ti5O12,-1.381231745968024
Li4Re6S11,-3.327103148612905
Li4Ge5O12,-4.047821283488454
Li4ScFe3(SiO3)8,-3.6988020760173104
Li4Be3P3ClO12,-2.7494770207141603
Li4Zn(PS4)2,-3.2839895881009395
Li4MnFe3(BO3)4,-5.008275609060866
Li4SeO5,-3.691518421482551
Li4Zn(PS4)2,-3.2839895881009395
Li4Nd3SbTeO12,-2.824224150831141
Li4MnFe3(PO4)4,-3.8868668196172864
Li4Cr3FeO8,-2.626367199656708
Li4Zn(PS4)2,-3.2839895881009395
Li4Cr3FeO8,-2.626367199656708
Li4Mn3Fe(BO3)4,-5.135474525029581
Li4Mn3Fe(BO3)4,-5.135474525029581
Li4H6Os,-3.6694298319060037
Li4AlCr3O8,-3.779902562501289
Li4Be3P3IO12,-3.694163129843261
Li4Nb2V3Fe3O16,-3.4375861717482534
Li4CrFe3O8,-3.8094353826983403
Li4B7ClO12,-5.502146070165315
Li4MnCo3(PO4)4,-3.7958371041031054
Li4V3Cr3(WO8)2,-2.8080241518474325
Li4NbFe(WO6)2,-3.9216321421560987
Li4CoNi3(PO4)4,-3.777331242546146
Li4AlCr3O8,-3.779902562501289
Li4Mn(BO3)2,-4.146699759676204
Li4CrFe3O8,-3.8094353826983403
Li4V2SiGeO10,-2.881668059687127
Li4Mn3Fe(BO3)4,-5.135474525029581
Li4MnSi2O7,-3.044526660475419
Li4Cr3CoO8,-2.5817422958397933
Li4VCr3O8,-2.387916507676407
Li4Cr3GaO8,-3.451540221673956
Li4Be3As3ClO12,-3.304985991906088
Li4Cr3GaO8,-3.451540221673956
Li4Mn3Fe(BO3)4,-5.135474525029581
Li4MnFe3(BO3)4,-5.008275609060866
Li4Mn3Fe(PO4)4,-3.8499017370952977
Li4MnSi2O7,-3.044526660475419
Li4Be3As3BrO12,-3.589439573192356
Li4Zn(PS4)2,-3.2839895881009395
Li4Fe(BO3)2,-4.2434435397559085
Li4MnFe3(BO3)4,-5.008275609060866
Li4TiS4,-2.2767877540975894
Li4NCl,-1.8597423454957822
Li4Cr3FeO8,-2.626367199656708
NaLi4(H2N)5,-2.8455389388122354
Li4Mn3Fe(BO3)4,-5.135474525029581
Li4SnSe4,-1.6377762890481047
Li4Fe(PO4)2,-3.2844446801680336
Li4MnNi3(PO4)4,-3.6287284238133646
Li4Mn3Fe(PO4)4,-3.8499017370952977
Li4MnF7,-2.6952531257331307
Li4MnFe3(BO3)4,-5.008275609060866
Li4MnV(PO4)3,-3.404516087094744
Li4Zr8V3(P3O16)3,-1.5437559711603235
Li4SiO4,-3.358051796048416
Li4TiS4,-2.2767877540975894
Li4TeO5,-3.63669287255079
Li4ZrF8,-1.6564252723579593
Li4Cr2Si3O10,-4.047788912385996
Li4FeCo3(PO4)4,-3.80391437001417
Li4GeS4,-2.849577526615539
Li4Mn3Fe(BO3)4,-5.135474525029581
Li4MnFe3(PO4)4,-3.8868668196172864
Li4AlCr3O8,-3.779902562501289
Li4AlCr3O8,-3.779902562501289
Li4VCr3O8,-2.387916507676407
Li4WO5,-2.9399327097817887
Li4Cr3GaO8,-3.451540221673956
Li4MoO5,-3.0356608576562887
Li4GeO4,-3.626900648619243
Li4Si2NiO7,-3.436102804364551
Li4MnV(PO4)3,-3.404516087094744
Li4CaB10(HO5)4,-5.610022588925297
Li4FeSi2O7,-3.17986343153475
Li4VCr3O8,-2.387916507676407
Li4Fe3Co(PO4)4,-3.812255571243764
Li4MnV3(P2O7)4,-3.347431925159719
Li4Ca2B16(H2O5)7,-4.925667887095839
KLi4NbO5,-2.4220687482812537
Na3Li4Th6F31,-1.7119272521019175
Li4V3CrO8,-1.894903835085632
Li4VO4F,-2.4209231925507324
Li4Zn(PO4)2,-3.1523604439526443
Li4P2O7,-2.598514863328298
Li4Cr3CoO8,-2.5817422958397933
Li4Mo5O17,-4.51750491336532
Li4Cr3CoO8,-2.5817422958397933
Li4Zn(PS4)2,-3.2839895881009395
Li4MnFe3(BO3)4,-5.008275609060866
Li4Cr3GaO8,-3.451540221673956
Li4HN,-2.048234011215631
Li4Zn(PS4)2,-3.2839895881009395
Li4FeNi3(PO4)4,-3.7861802358090983
Li4MnFe3(BO3)4,-5.008275609060866
Li4Be3P3BrO12,-3.8073515180000377
Li4CrFe3O8,-3.8094353826983403
Li4P2O7,-2.598514863328298
Li4Al3Ge3ClO12,-3.98681385200561
Li4Zn(H2N)6,-2.745624364109153
Li4Cr3FeO8,-2.626367199656708
Li4MnFe3(BO3)4,-5.008275609060866
Li5Fe(SiO4)2,-3.1435351811019103
Li5Ni2O2F5,-2.9694412574557307
Li5Ca9B7O21F2,-3.9402166601983657
Li5SiN3,-2.991423019282345
Li5Ti7In(PO4)12,-3.351495210556245
Li5V2P5O18,-3.0264085832591436
Li5SbS3I2,-1.7560927112970317
CsLi5(BO3)2,-2.939356962705969
Li5Fe2P2(CO7)2,-4.381807993653206
Li5TaO5,-2.2193095621960914
Li5P(S2Cl)2,-1.809859697206501
Li5Ti2Fe3O10,-2.091835956212234
Li5GaO4,-4.069333939696898
Li5CoO4,-2.8299631266387406
Na4Li5(BO3)3,-3.678039721478372
Li5NiO4,-2.8531005369042335
Li5B(SO4)4,-4.168049436537009
Li5SbO5,-3.1362609837976083
Li5TlO4,-3.6622618638945323
Li5ReN4,-3.180863284121229
Li5AuO4,-3.0262384503258026
Li5Ga(GeO4)2,-4.137337701812639
Li5Ti6FeO16,-1.5571525026029784
Li5CrFe4(P2O7)5,-3.7634477208599013
Cs2Li5(BO2)7,-4.563505728638048
NaLi5Ti3Cr3(PO4)9,-3.2411523830065443
Li5IO6,-3.309418268634948
Li5Sc2Fe3(SiO3)10,-3.6204381587514516
Li5FeO4,-2.870065880343152
Li5Ti2Fe5O12,-2.231192773800121
Li5NCl2,-1.749198123650777
CsLi5Mn(P2O7)2,-3.2735507489450844
Li5AuO4,-3.0262384503258026
Li5VP2(O4F)2,-1.7199570191926339
Li5AlO4,-3.7047307867506722
Li5Br2N,-1.4603784279407446
Li5B7S13,-4.825483125315747
Li5Sb2P5O18,-3.19997084422152
Li5P2N5,-2.270081256259785
Li5TaO5,-2.2193095621960914
Rb2Li5(BO2)7,-4.705212604526455
Li5Bi2P5O18,-2.9975239387922588
Li5CrCl8,-2.234048154216451
Li5Sm3(SbO6)2,-2.8478380879866148
Li5La5(SiN3)4,-2.0115425535434506
Li5ReO6,-2.6218941953901984
Li5Cr3(PO4)4,-3.6545038910600747
Li5ReO6,-2.6218941953901984
Li5NbO5,-3.068724331071154
Li5InO4,-3.919687122851669
Li5AlO4,-3.7047307867506722
Li5TiN3,-3.038169184902091
Li5Fe5(NiO6)2,-4.063290874286427
Li5Al(SiO4)2,-3.228735720220529
Li5Mn6(BO3)6,-5.00812408490002
Li5NbO5,-3.068724331071154
Li6Mn5Fe(BO3)6,-5.137286717792332
Li6Zn3(PS4)4,-3.1772864859581715
Li6Bi(BO3)3,-3.7518481648116397
Li6PS5I,-2.5187771060116018
Li6MnFe5(BO3)6,-5.012902406798245
Li6ScFe5(SiO3)12,-3.6857089490066204
Li6NiO4,-2.7145897128963825
Li6PS5I,-2.5187771060116018
Li6Ti2O7,-1.545905968756368
Li6Mn5Fe(BO3)6,-5.137286717792332
Li6P8W3O29,-2.8908564876190557
Li6Ho(BO3)3,-3.6598783956084473
Li6Zn3(PS4)4,-3.1772864859581715
Li6MnFe5(BO3)6,-5.012902406798245
Li6Zn3(PS4)4,-3.1772864859581715
Li6V3Fe(PO4)6,-3.41258757259092
Li6Ti2O7,-1.545905968756368
Li6Ti3P8O29,-2.7253233907683763
Li6Sn3P8O29,-4.252107806164806
Li6B4O9,-4.034532898184869
Li6Mn5Fe(BO3)6,-5.137286717792332
Li6PClO5,-2.2119784010348456
Li6VCl8,-1.8291715181902928
Li6V3P8O29,-2.884619889833013
Li6Zn3(PS4)4,-3.1772864859581715
Li6MgBr8,-1.8793559211017263
Li6Ge2O7,-3.867844601182032
Li6NiO4,-2.7145897128963825
Li6NiO4,-2.7145897128963825
Li6Hf2O7,-1.6516202742258466
Li6MnFe5(BO3)6,-5.012902406798245
Li6AsS5I,-1.1575356483896087
Li6Y(BO3)3,-3.3609437544716254
Li6NiO4,-2.7145897128963825
Li6V3P8O29,-2.884619889833013
Li6MnFe5(BO3)6,-5.012902406798245
Li6PBrO5,-2.9170008287456684
Li6V3P8O29,-2.884619889833013
Li6Zn3(PS4)4,-3.1772864859581715
Li6MnFe5(BO3)6,-5.012902406798245
Li6Sm(BO3)3,-3.9776108931466343
Li6MnFe5(BO3)6,-5.012902406798245
Li6Zn3(PS4)4,-3.1772864859581715
Li6CoO4,-2.8040616532681217
Sr3Li6Ta2O11,-1.9428033835560878
Li6Zn3(PS4)4,-3.1772864859581715
Li6FeO4,-2.8230936278154815
Li6TeO6,-3.2369659556911086
Li6Nd(BO3)3,-3.9253708094100515
Li6V3P8O29,-2.884619889833013
Li6Zn3(PS4)4,-3.1772864859581715
Li6CaCeO6,-2.6585388537305215
Li6MoN4,-2.865793676917072
Li6Mn5Fe(BO3)6,-5.137286717792332
RbNaLi6(SiO4)2,-3.3844801523330887
Li6Gd(BO3)3,-3.433767174880158
Li6MnFe5(BO3)6,-5.012902406798245
Li6Zr2O7,-1.491208075302766
Li6Zn3(PS4)4,-3.1772864859581715
Li6WO6,-2.633759518012558
Li6Zn3(PS4)4,-3.1772864859581715
Li6Ti2O7,-1.545905968756368
Li6MnS4,-2.938520368333802
Li6Ti8Ni(PO5)8,-1.4250881557568413
Li6Zn3(PS4)4,-3.1772864859581715
Li6Mn5Fe(BO3)6,-5.137286717792332
Li6WN4,-3.049165031134734
Li6Zn3(PS4)4,-3.1772864859581715
Li6Cr9(PO4)8,-4.016509610044066
Li6ZrBeF12,-1.563896414047073
Li6MnO4,-2.54312365995497
Li6Zn3(PS4)4,-3.1772864859581715
Li6Hf2O7,-1.6516202742258466
Sr3Li6Nb2O11,-2.386804134614122
Li6MnFe5(BO3)6,-5.012902406798245
Li6Zn3(PS4)4,-3.1772864859581715
Li6V3P8O29,-2.884619889833013
Rb5Li6(BO2)11,-4.538330974208099
Li6AsS5I,-1.1575356483896087
Li6Zn3(PS4)4,-3.1772864859581715
Li6Mn5Fe(BO3)6,-5.137286717792332
Li6UO6,-2.722924754661959
Li6Br3N,-1.5651805479843075
RbLi6B2O6F,-3.590809619582783
Li6Mn5Fe(BO3)6,-5.137286717792332
Li6Mn5Fe(BO3)6,-5.137286717792332
Li6ZnO4,-2.5777816682571837
Li6Zn3(PS4)4,-3.1772864859581715
Li6Co5(P2O7)4,-3.5505149356990287
Li6Br3N,-1.5651805479843075
Li6Zn3(PS4)4,-3.1772864859581715
Li6NiOF6,-2.9546737798146783
Li6Zn3(PS4)4,-3.1772864859581715
KLi6TaO6,-2.2399346841980647
Li6V2OF11,-1.8879111238312087
Li6V3P8O29,-2.884619889833013
Li6Si2O7,-3.040053046004762
Li6Br3N,-1.5651805479843075
Li6Tm(BO3)3,-3.53054349477657
Li6Er(BO3)3,-3.5945219291975583
Li6I3N,-1.9654072641607763
Li6MnFe5(BO3)6,-5.012902406798245
Li6Mn5Fe(BO3)6,-5.137286717792332
Li7Br3O2,-1.858776071371502
Li7Mn8(BO3)8,-5.094806475863972
Li7Fe8(BO3)8,-4.96797175445277
Li7SbO6,-3.135660533004971
Li7Nd3Zr2O12,-1.8885876073759436
RbLi7(SiO4)2,-3.3595933015330006
Li7IN2,-2.6185406935690363
Li7Mn(BO3)3,-3.9836332636578806
Li7VN4,-2.7437363310664127
Li7VGeO8,-3.3124619928107313
Li7BiO6,-2.599960161446249
Li7La3Hf2O12,-1.6642073853565584
Li7Ti12NbO30,-2.3757368328954085
Li7BiO6,-2.599960161446249
Li7Fe4(PO4)6,-3.9536298415442737
Li7Zr3Nb(TeO6)4,-3.1758766722043843
KLi7(H2N)8,-2.684496131541235
Li7SbO6,-3.135660533004971
Na9Li7V16O48,-1.9909871972691264
Li7La3Zr2O12,-0.7298656939081574
Li7Cr7P6(O8F)3,-3.6358435537318976
Li7H5N4,-2.026328276829847
Li7Fe4(P2O7)4,-4.024062823130105
Li7Zr3Nb(TeO6)4,-3.1758766722043843
Li7La3(SnO6)2,-2.191924737138298
Li7TaN4,-2.383743829828238
Li7VN4,-2.7437363310664127
Li7SbN4,-3.5230855891276422
Li7Mn8(BO3)8,-5.094806475863972
Li7NbN4,-3.144239860477728
Li7Y7ZrS16,-2.4407941000693527
Li7Fe4(P2O7)4,-4.024062823130105
Li7PN4,-2.457465627274265
Li7P3S11,-2.8462719933123246
Li7VN4,-2.7437363310664127
Li7Mn8(BO3)8,-5.094806475863972
NaLi7Fe8(SiO3)16,-4.614391368952385
Li8Mn5Fe3(BO3)8,-5.136930169866561
Li8GeO6,-2.817567757346517
Li8Mn7Fe(BO3)8,-5.137286717792332
Li8MnFe7(BO3)8,-4.998768063981867
Li8MnO5F,-2.4121159622295245
Li8MnFe7(BO3)8,-4.998768063981867
Li8Mn7Fe(BO3)8,-5.137286717792332
Li8Mn7Fe(BO3)8,-5.137286717792332
Li8WO6,-2.629400744116305
Li8SiO6,-2.72783376564856
Li8Mn3Fe5(BO3)8,-5.02876033502106
Li8ZrO6,-2.564875588797879
Li8Mn7Fe(BO3)8,-5.137286717792332
Li8CoO5F,-2.802201847347296
Li8MnFe7(BO3)8,-4.998768063981867
Li8Mn7Fe(BO3)8,-5.137286717792332
Li8Mn5Fe3(BO3)8,-5.136930169866561
Li8MnFe7(BO3)8,-4.998768063981867
Li8Mn5Fe3(BO3)8,-5.136930169866561
Li8Mn3Fe5(BO3)8,-5.02876033502106
Li8SnO6,-2.9785242683050694
Li8FeO5F,-2.66329348454531
Li8MnFe7(BO3)8,-4.998768063981867
Li8VO6,-2.486111826674345
Li8Mn7Fe(BO3)8,-5.137286717792332
Li8TeN2,-3.0067065275001648
Li8Mn3Fe5(BO3)8,-5.02876033502106
Li8MnFe7(BO3)8,-4.998768063981867
Li8CeO6,-2.8411345072067826
Li8MnFe7(BO3)8,-4.998768063981867
Li8Mn5Fe3(BO3)8,-5.136930169866561
Li8Mn3Fe5(BO3)8,-5.02876033502106
Li8Nb2O9,-2.9384009262008446
Li8Mn5Fe3(BO3)8,-5.136930169866561
Li8HfO6,-2.261924155158506
Li8Mn7Fe(BO3)8,-5.137286717792332
Li8Mn7Fe(BO3)8,-5.137286717792332
Li8VO6,-2.486111826674345
Li8ScFe7(SiO3)16,-3.69404287501301
Li8MnFe7(BO3)8,-4.998768063981867
Li8MnFe7(BO3)8,-4.998768063981867
Li8TiS6,-2.4020228861043837
Li8Mn7Fe(BO3)8,-5.137286717792332
Li8Mn5Fe3(BO3)8,-5.136930169866561
Li8Mn7Fe(BO3)8,-5.137286717792332
Li8Mn7Fe(BO3)8,-5.137286717792332
Li8Mn7Fe(BO3)8,-5.137286717792332
Li8Mn7Fe(BO3)8,-5.137286717792332
Li8Mn3Fe5(BO3)8,-5.02876033502106
Li8TiO6,-2.4159073271095766
Li8Mn5Fe3(BO3)8,-5.136930169866561
Li8MnFe7(BO3)8,-4.998768063981867
Li8Mn3Fe5(BO3)8,-5.02876033502106
Li8Mn3Fe5(BO3)8,-5.02876033502106
Li8MnFe7(PO4)8,-3.8868668196172864
Li8MnFe7(BO3)8,-4.998768063981867
Li8Mn7Fe(BO3)8,-5.137286717792332
Li8Mn7Fe(BO3)8,-5.137286717792332
Li8Mn7Fe(BO3)8,-5.137286717792332
Li8SeN2,-2.3247469262829377
Li8PtO6,-3.0644633758990794
Li8Mn7Fe(BO3)8,-5.137286717792332
Li8Mn5Fe3(BO3)8,-5.136930169866561
Li8MnFe7(BO3)8,-4.998768063981867
Li8Mn3Fe5(BO3)8,-5.02876033502106
Li8Mn3Fe5(BO3)8,-5.02876033502106
Li8PbO6,-2.921383037886721
Li8MnFe7(BO3)8,-4.998768063981867
Li8Mn7Fe(BO3)8,-5.137286717792332
Li8Mn5Fe3(BO3)8,-5.136930169866561
Li8MnFe7(BO3)8,-4.998768063981867
Li8Bi2(MoO4)7,-3.598172474868514
Li8Sc5Fe3(SiO3)16,-3.6132150842848
Li8Mn7Fe(BO3)8,-5.137286717792332
Li8Mn3Fe5(BO3)8,-5.02876033502106
Li8Mn3Fe5(BO3)8,-5.02876033502106
Li8MnFe7(PO4)8,-3.8868668196172864
Li8Mn5Fe3(BO3)8,-5.136930169866561
Li8Mn7Fe(BO3)8,-5.137286717792332
Li8CrO6,-2.4405318451191054
Li8MnFe7(BO3)8,-4.998768063981867
Li8MnFe7(BO3)8,-4.998768063981867
Li8Mn5Fe3(BO3)8,-5.136930169866561
Li8Mn3Fe5(BO3)8,-5.02876033502106
Li9Fe3P8O29,-4.174361186349792
NaLi9Fe10(SiO3)20,-4.629370004222619
Li9S3N,-2.4442409898541637
Li9P8W3O29,-3.2271311147199335
Li9Nd2(PS4)5,-3.2552349832326684
Li9Cr3P8O29,-4.029409380296999
Li9Mg3P4O16F3,-2.3386216922840424
Li9V3P8O29,-3.102810643003988
Li9Nd6Sb3TeO24,-2.8374146735315433
Li9Al3P8O29,-3.6952091908420854
Li9Ga3P8O29,-4.586867810978028
Li9Co3P8O29,-4.031167142826462
Li9Co3P8O29,-4.031167142826462
Li9V3P8O29,-3.102810643003988
Li9V3P8O29,-3.102810643003988
Li10Zn7(PS4)8,-3.037748237412357
Li10Zn7(PS4)8,-3.037748237412357
Li10Zn(PS4)4,-3.3316901980069322
Li10Sn(PS6)2,-2.9778612348152453
Li10Zn4O9,-3.2588930040246913
Li10Si(PS6)2,-2.915668930914204
Li10Zn3(GeO4)4,-3.730707298798913
Li10Zn(PS4)4,-3.3316901980069322
Li10Zn(PS4)4,-3.3316901980069322
Li10Zn(PS4)4,-3.3316901980069322
Li10Zn(PS4)4,-3.3316901980069322
Li10Zn(PS4)4,-3.3316901980069322
Li10Zn(PS4)4,-3.3316901980069322
Li10Zn7(PS4)8,-3.037748237412357
Li10Mg7Cl24,-2.406836967027614
Li10Zn(PS4)4,-3.3316901980069322
Li10Ge(PS6)2,-3.155527641154984
Li10Ge(PS6)2,-3.155527641154984
Li10Zn(PS4)4,-3.3316901980069322
Li10Zn(PS4)4,-3.3316901980069322
Li10Si(PS6)2,-2.915668930914204
Li10Zn(PS4)4,-3.3316901980069322
Li10Mg12Fe(PO4)12,-3.96358336512625
Li10B14Cl2O25,-5.488833734597735
Li10Sc9Fe(SiO3)20,-3.552773176733956
Li10Zn(PS4)4,-3.3316901980069322
Li10Si2PbO10,-3.6350079656971452
Li11Fe12(BO3)12,-4.974806440192632
Li12Nb14ZnO42,-2.893679191240027
RbNa3Li12(SiO4)4,-3.287899986730663
Li12Nb14ZnO42,-2.893679191240027
Li12Mn11Fe(PO4)12,-3.605817140168327
CsKNa2Li12(SiO4)4,-3.5003527061859323
RbNa3Li12Ti4O16,-2.0493173327054066
CsNa3Li12(GeO4)4,-3.5397987243624005
K2Li14Zr3O14,-2.0889929189327026
Rb2Li14Pb3O14,-2.7574229942081843
Li14Mn2S9,-2.719913715875183
Li14Nd5Si11N19O7F2,-4.076389280706662
Li14P2(N2O)3,-2.538017103784997
K2Li14Pb3O14,-2.7100535950946103
Li14Ni9(P2O7)8,-3.902718136389735
Li15H9N8,-2.1143769933476904
NaLi15V16O48,-1.9041028579458912
Li15Ti11Nb5O42,-1.9159130424735864
Li15W7N19,-2.98852418365075
Li16Mn15Fe(PO4)16,-3.605817140168327
Li16Nb2N8O,-2.5670425323943338
Li16Ta2N8O,-1.8093719717893302
Li24Ti11CrO36,-1.8865911844315124
Li24Mn11CrO36,-3.0214454404312194
Li24Mn11CrO36,-3.0214454404312194
CsLi3Cl4,-2.036905826055935
Cs3Li2Cl5,-2.8051756020479854
Li5CrCl8,-2.234048154216451
Li2MnF6,-3.3310246621360555
Li2.66MnF5.33,-3.2172099984432743
LiGaBr4,-3.386830954942324
RbLi2Be2F7,-2.2565064069441645
LiVF6,-2.7993219566095893
Li2VF5,-2.644753776938482
CsLi2Cl3,-2.3694548176651082
Li9Cr3P8O29,-4.029409380296999
Li12Cr3P8O26,-3.569175348555741
Li6V3Fe(PO4)6,-3.41258757259092
Li4.5TiO3.25  ,-1.578821754490103
Li6ZrBeF12,-1.563896414047073
Li7CeO6,-2.8693529780519857
Li7TiO6,-2.728183447040167
Li1.77BeF4,-2.0202686643740058
Na2.5Li2.25Sc2F12,-1.675314825666381
Li9Zn4O9,-3.4613316886392966
Li11.5Zn4O7.5,-3.0280773538180985
LiGaI4,-3.3291456901924508
Li2VCl5,-2.1375838592096974
